date,FTSE100,GDP,GNIph,EG,IR,CPI,UR,EI,AWE,LC,BDIR,BCIR,I,FDI,IP,RS,HP,PMI
01/01/1985,1280.8,99.37,1733,0.8,0.36,42.5,11.5,8581,5.5,11.5,3.42,5.05,20.97,277,20.97,72.7,50.51,54.2
01/02/1985,1259.7,99.37,1733,0.8,0.77,42.83,11.5,8578,5.5,11.5,3.42,5.05,20.97,277,20.97,72.7,50.51,54.2
01/03/1985,1277.0,99.37,1733,0.8,0.98,43.25,11.4,8572,5.5,11.4,3.42,5.05,20.97,277,20.97,72.7,50.51,54.2
01/04/1985,1291.0,100.24,1804,2.1,2.16,44.18,11.4,8581,5.5,11.4,3.42,5.05,19.9,-119,19.9,72.7,50.51,54.2
01/05/1985,1313.0,100.24,1804,2.1,0.42,44.36,11.4,8572,5.5,11.4,3.42,5.05,19.9,-119,19.9,72.7,50.51,54.2
01/06/1985,1234.9,100.24,1804,2.1,0.21,44.46,11.3,8572,5.5,11.3,3.42,5.05,19.9,-119,19.9,72.7,50.51,54.2
01/07/1985,1261.7,104.8,1832,0.1,-0.21,44.36,11.3,8568,5.5,11.3,3.42,5.05,20.53,-226,20.53,72.7,50.51,54.2
01/08/1985,1340.8,104.8,1832,0.1,0.32,44.5,11.3,8558,5.5,11.3,3.42,5.05,20.53,-226,20.53,72.7,50.51,54.2
01/09/1985,1290.0,104.8,1832,0.1,-0.1,44.46,11.3,8549,5.5,11.3,3.42,5.05,20.53,-226,20.53,72.7,50.51,54.2
01/10/1985,1377.2,110.02,1865,0.2,0.21,44.55,11.3,8544,5.5,11.3,3.42,5.05,20.92,-1021,20.92,72.7,50.51,54.2
01/11/1985,1439.1,110.02,1865,0.2,0.31,44.69,11.3,8543,5.5,11.3,3.42,5.05,20.92,-1021,20.92,72.7,50.51,54.2
01/12/1985,1412.6,110.02,1865,0.2,0.1,44.74,11.3,8543,5.5,11.3,3.42,5.05,20.92,-1021,20.92,72.7,50.51,54.2
01/01/1986,1435.0,108.53,1904,1.1,0.21,44.83,11.3,8536,5.5,11.3,3.42,5.05,21.15,-163,21.15,72.7,50.51,54.2
01/02/1986,1543.9,108.53,1904,1.1,0.42,45.02,11.3,8531,5.5,11.3,3.42,5.05,21.15,-163,21.15,72.7,50.51,54.2
01/03/1986,1668.8,108.53,1904,1.1,0.1,45.06,11.3,8528,5.5,11.3,3.42,5.05,21.15,-163,21.15,72.7,50.51,54.2
01/04/1986,1660.5,108.05,1933,0.7,1.03,45.53,11.3,8523,5.5,11.3,3.42,5.05,20.91,-347,20.91,72.7,50.51,54.2
01/05/1986,1602.8,108.05,1933,0.7,0.1,45.58,11.3,8517,5.5,11.3,3.42,5.05,20.91,-347,20.91,72.7,50.51,54.2
01/06/1986,1649.8,108.05,1933,0.7,0.0,45.58,11.4,8495,5.5,11.4,3.42,5.05,20.91,-347,20.91,72.7,50.51,54.2
01/07/1986,1558.1,111.62,1958,0.5,-0.31,45.44,11.4,8467,5.5,11.4,3.42,5.05,22.4,-626,22.4,72.7,50.51,54.2
01/08/1986,1661.2,111.62,1958,0.5,0.31,45.58,11.4,8446,5.5,11.4,3.42,5.05,22.4,-626,22.4,72.7,50.51,54.2
01/09/1986,1555.8,111.62,1958,0.5,0.51,45.81,11.3,8441,5.5,11.3,3.42,5.05,22.4,-626,22.4,72.7,50.51,54.2
01/10/1986,1632.1,118.44,2026,1.8,0.2,45.9,11.3,8423,5.5,11.3,3.42,5.05,23.9,-2157,23.9,72.7,50.51,54.2
01/11/1986,1636.7,118.44,2026,1.8,0.81,46.28,11.3,8416,5.5,11.3,3.42,5.05,23.9,-2157,23.9,72.7,50.51,54.2
01/12/1986,1679.0,118.44,2026,1.8,0.3,46.42,11.2,8407,5.5,11.2,3.42,5.05,23.9,-2157,23.9,72.7,50.51,54.2
01/01/1987,1808.3,117.3,2083,0.9,0.4,46.6,11.2,8409,5.5,11.2,3.42,5.05,23.5,-524,23.5,72.7,50.51,54.2
01/02/1987,1979.2,117.3,2083,0.9,0.4,46.79,11.1,8419,5.5,11.1,3.42,5.05,23.5,-524,23.5,72.7,50.51,54.2
01/03/1987,1997.6,117.3,2083,0.9,0.2,46.88,11.0,8407,5.5,11.0,3.42,5.05,23.5,-524,23.5,72.7,50.51,54.2
01/04/1987,2050.5,118.83,2139,1.5,1.19,47.44,10.9,8384,5.5,10.9,3.42,5.05,25.01,-837,25.01,72.7,50.51,54.2
01/05/1987,2203.0,118.83,2139,1.5,0.1,47.49,10.7,8360,5.5,10.7,3.42,5.05,25.01,-837,25.01,72.7,50.51,54.2
01/06/1987,2284.1,118.83,2139,1.5,0.0,47.49,10.6,8334,5.5,10.6,3.42,5.05,25.01,-837,25.01,72.7,50.51,54.2
01/07/1987,2360.9,127.02,2225,2.4,-0.1,47.44,10.4,8312,5.5,10.4,3.42,5.05,27.58,-864,27.58,72.7,50.51,54.2
01/08/1987,2249.7,127.02,2225,2.4,0.29,47.58,10.2,8283,5.5,10.2,3.42,5.05,27.58,-864,27.58,72.7,50.51,54.2
01/09/1987,2366.0,127.02,2225,2.4,0.29,47.72,10.0,8267,5.5,10.0,3.42,5.05,27.58,-864,27.58,72.7,50.51,54.2
01/10/1987,1749.8,132.99,2260,1.1,0.49,47.95,9.9,8250,5.5,9.9,3.42,5.05,28.55,-1290,28.55,72.7,50.51,54.2
01/11/1987,1579.9,132.99,2260,1.1,0.49,48.19,9.7,8230,5.5,9.7,3.42,5.05,28.55,-1290,28.55,72.7,50.51,54.2
01/12/1987,1713.9,132.99,2260,1.1,-0.1,48.14,9.5,8205,5.5,9.5,3.42,5.05,28.55,-1290,28.55,72.7,50.51,54.2
01/01/1988,1790.8,132.13,2333,1.8,0.0,48.14,9.4,8182,5.5,9.4,3.42,5.05,29.88,-866,29.88,72.7,50.51,54.2
01/02/1988,1768.8,132.13,2333,1.8,0.21,48.24,9.2,8169,5.5,9.2,3.42,5.05,29.88,-866,29.88,72.7,50.51,54.2
01/03/1988,1742.5,132.13,2333,1.8,0.41,48.44,9.0,8159,5.5,9.0,3.42,5.05,29.88,-866,29.88,72.7,50.51,54.2
01/04/1988,1802.2,134.22,2391,0.6,1.23,49.03,8.9,8153,5.5,8.9,3.42,5.05,31.16,-1203,31.16,72.7,50.51,54.2
01/05/1988,1784.5,134.22,2391,0.6,0.41,49.23,8.7,8140,5.5,8.7,3.42,5.05,31.16,-1203,31.16,72.7,50.51,54.2
01/06/1988,1857.6,134.22,2391,0.6,0.4,49.43,8.6,8134,5.5,8.6,3.42,5.05,31.16,-1203,31.16,72.7,50.51,54.2
01/07/1988,1853.6,140.85,2464,1.5,0.0,49.43,8.5,8121,5.5,8.5,3.42,5.05,32.39,-796,32.39,72.7,50.51,54.2
01/08/1988,1753.6,140.85,2464,1.5,0.4,49.63,8.4,8090,5.5,8.4,3.42,5.05,32.39,-796,32.39,72.7,50.51,54.2
01/09/1988,1826.5,140.85,2464,1.5,0.4,49.83,8.3,8065,5.5,8.3,3.42,5.05,32.39,-796,32.39,72.7,50.51,54.2
01/10/1988,1852.4,148.41,2538,0.9,0.4,50.03,8.2,8042,5.5,8.2,3.42,5.05,33.17,-2700,33.17,72.7,50.51,54.2
01/11/1988,1792.4,148.41,2538,0.9,0.4,50.23,8.0,8031,5.5,8.0,3.42,5.05,33.17,-2700,33.17,72.7,50.51,54.2
01/12/1988,1793.1,148.41,2538,0.9,0.2,50.33,7.9,8011,5.5,7.9,3.42,5.05,33.17,-2700,33.17,72.7,50.51,54.2
01/01/1989,2051.8,146.66,2602,0.4,0.2,50.43,7.7,7985,5.5,7.7,3.42,5.05,36.02,85,36.02,72.7,50.51,54.2
01/02/1989,2002.4,146.66,2602,0.4,0.39,50.63,7.6,7949,5.5,7.6,3.42,5.05,36.02,85,36.02,72.7,50.51,54.2
01/03/1989,2075.0,146.66,2602,0.4,0.39,50.82,7.4,7933,5.5,7.4,3.42,5.05,36.02,85,36.02,72.7,50.51,54.2
01/04/1989,2118.0,148.66,2640,0.7,1.37,51.52,7.3,7930,5.5,7.3,3.42,5.05,36.46,-480,36.46,72.7,50.51,54.2
01/05/1989,2114.4,148.66,2640,0.7,0.58,51.82,7.2,7936,5.5,7.2,3.42,5.05,36.46,-480,36.46,72.7,50.51,54.2
01/06/1989,2151.0,148.66,2640,0.7,0.38,52.02,7.2,7934,5.5,7.2,3.42,5.05,36.46,-480,36.46,72.7,50.51,54.2
01/07/1989,2297.0,155.79,2705,0.1,0.0,52.02,7.1,7938,5.5,7.1,3.42,5.05,38.14,-1071,38.14,72.7,50.51,54.2
01/08/1989,2387.9,155.79,2705,0.1,0.0,52.02,7.1,7930,5.5,7.1,3.42,5.05,38.14,-1071,38.14,72.7,50.51,54.2
01/09/1989,2299.4,155.79,2705,0.1,0.76,52.42,7.1,7920,5.5,7.1,3.42,5.05,38.14,-1071,38.14,72.7,50.51,54.2
01/10/1989,2142.6,163.41,2759,0.1,0.76,52.81,7.0,7901,5.5,7.0,3.42,5.05,38.26,-3594,38.26,72.7,50.51,54.2
01/11/1989,2276.8,163.41,2759,0.1,0.38,53.01,7.0,7887,5.5,7.0,3.42,5.05,38.26,-3594,38.26,72.7,50.51,54.2
01/12/1989,2422.7,163.41,2759,0.1,0.19,53.11,7.0,7891,5.5,7.0,3.42,5.05,38.26,-3594,38.26,72.7,50.51,54.2
01/01/1990,2337.3,160.53,2808,0.7,0.37,53.31,6.9,7890,5.5,6.9,3.42,5.05,39.01,-1184,39.01,72.7,50.51,54.2
01/02/1990,2255.4,160.53,2808,0.7,0.56,53.61,6.9,7897,5.5,6.9,3.42,5.05,39.01,-1184,39.01,72.7,50.51,54.2
01/03/1990,2247.9,160.53,2808,0.7,0.56,53.91,6.9,7892,5.5,6.9,3.42,5.05,39.01,-1184,39.01,72.7,50.51,54.2
01/04/1990,2103.4,163.67,2882,0.5,1.85,54.9,6.9,7883,5.5,6.9,3.42,5.05,39.03,-776,39.03,72.7,50.51,54.2
01/05/1990,2345.1,163.67,2882,0.5,0.91,55.4,6.9,7877,5.5,6.9,3.42,5.05,39.03,-776,39.03,72.7,50.51,54.2
01/06/1990,2374.6,163.67,2882,0.5,0.36,55.6,6.9,7875,5.5,6.9,3.42,5.05,39.03,-776,39.03,72.7,50.51,54.2
01/07/1990,2326.2,170.0,2950,-1.0,-0.18,55.5,7.0,7874,5.5,7.0,3.42,5.05,39.25,-1869,39.25,72.7,50.51,54.2
01/08/1990,2162.8,170.0,2950,-1.0,1.08,56.1,7.1,7889,5.5,7.1,3.42,5.05,39.25,-1869,39.25,72.7,50.51,54.2
01/09/1990,1990.2,170.0,2950,-1.0,1.06,56.69,7.2,7906,5.5,7.2,3.42,5.05,39.25,-1869,39.25,72.7,50.51,54.2
01/10/1990,2050.3,174.73,2951,-0.3,0.7,57.09,7.3,7919,5.5,7.3,3.42,5.05,39.35,-2424,39.35,72.7,50.51,54.2
01/11/1990,2149.4,174.73,2951,-0.3,0.17,57.19,7.5,7934,5.5,7.5,3.42,5.05,39.35,-2424,39.35,72.7,50.51,54.2
01/12/1990,2143.5,174.73,2951,-0.3,-0.17,57.09,7.6,7965,5.5,7.6,3.42,5.05,39.35,-2424,39.35,72.7,50.51,54.2
01/01/1991,2170.3,170.12,2993,-0.3,0.0,57.09,7.8,7984,5.5,7.8,3.42,5.05,37.8,-984,37.8,72.7,50.51,54.2
01/02/1991,2380.9,170.12,2993,-0.3,0.52,57.39,8.0,8005,5.5,8.0,3.42,5.05,37.8,-984,37.8,72.7,50.51,54.2
01/03/1991,2456.5,170.12,2993,-0.3,0.35,57.59,8.2,8017,5.5,8.2,3.42,5.05,37.8,-984,37.8,72.7,50.51,54.2
01/04/1991,2486.2,172.58,3023,-0.1,3.45,59.58,8.5,8036,5.5,8.5,3.42,5.05,37.34,-1292,37.34,72.7,50.51,54.2
01/05/1991,2499.5,172.58,3023,-0.1,0.67,59.98,8.7,8083,5.5,8.7,3.42,5.05,37.34,-1292,37.34,72.7,50.51,54.2
01/06/1991,2414.8,172.58,3023,-0.1,0.5,60.27,8.8,8118,5.5,8.8,3.42,5.05,37.34,-1292,37.34,72.7,50.51,54.2
01/07/1991,2588.8,178.58,3053,-0.2,-0.33,60.07,9.0,8149,5.5,9.0,3.42,5.05,36.32,-1455,36.32,72.7,50.51,54.2
01/08/1991,2645.7,178.58,3053,-0.2,0.5,60.37,9.2,8186,5.5,9.2,3.42,5.05,36.32,-1455,36.32,72.7,50.51,54.2
01/09/1991,2621.7,178.58,3053,-0.2,0.49,60.67,9.3,8229,5.5,9.3,3.42,5.05,36.32,-1455,36.32,72.7,50.51,54.2
01/10/1991,2566.0,184.18,3105,0.2,0.49,60.97,9.4,8278,5.5,9.4,3.42,5.05,36.71,-2010,36.71,72.7,50.51,54.2
01/11/1991,2420.2,184.18,3105,0.2,0.33,61.17,9.5,8317,5.5,9.5,3.42,5.05,36.71,-2010,36.71,72.7,50.51,54.2
01/12/1991,2493.1,184.18,3105,0.2,0.16,61.27,9.5,8356,5.5,9.5,3.42,5.05,36.71,-2010,36.71,72.7,50.51,54.2
01/01/1992,2571.2,179.5,3142,0.0,-0.32,61.07,9.6,8378,5.5,9.6,3.42,5.05,36.4,-691,36.4,72.7,50.51,54.2
01/02/1992,2562.1,179.5,3142,0.0,0.49,61.37,9.7,8383,5.5,9.7,3.42,5.05,36.4,-691,36.4,72.7,50.51,54.2
01/03/1992,2440.1,179.5,3142,0.0,0.49,61.67,9.8,8398,5.5,9.8,3.42,5.05,36.4,-691,36.4,72.7,50.51,54.2
01/04/1992,2654.1,178.57,3151,-0.1,1.13,62.36,9.8,8428,5.5,9.8,3.42,5.05,35.61,-988,35.61,72.7,50.51,54.2
01/05/1992,2707.6,178.57,3151,-0.1,0.32,62.56,9.8,8481,5.5,9.8,3.42,5.05,35.61,-988,35.61,72.7,50.51,54.2
01/06/1992,2521.2,178.57,3151,-0.1,0.0,62.56,9.9,8507,5.5,9.9,3.42,5.05,35.61,-988,35.61,72.7,50.51,54.2
01/07/1992,2399.6,182.75,3165,0.6,-0.48,62.26,9.9,8501,5.5,9.9,3.42,5.05,34.91,-1186,34.91,72.7,50.51,54.2
01/08/1992,2312.6,182.75,3165,0.6,0.0,62.26,9.9,8512,5.5,9.9,3.42,5.05,34.91,-1186,34.91,72.7,50.51,54.2
01/09/1992,2553.0,182.75,3165,0.6,0.48,62.56,10.1,8526,5.5,10.1,3.42,5.05,34.91,-1186,34.91,72.7,50.51,54.2
01/10/1992,2658.3,189.76,3204,0.7,0.32,62.76,10.2,8511,5.5,10.2,3.42,5.05,34.92,-2238,34.92,72.7,50.51,54.2
01/11/1992,2778.8,189.76,3204,0.7,0.0,62.76,10.4,8536,5.5,10.4,3.42,5.05,34.92,-2238,34.92,72.7,50.51,54.2
01/12/1992,2846.5,189.76,3204,0.7,0.16,62.86,10.5,8519,5.5,10.5,3.42,5.05,34.92,-2238,34.92,72.7,50.51,54.2
01/01/1993,2807.2,186.05,3278,0.7,-0.63,62.46,10.7,8507,5.5,10.7,3.42,5.05,35.77,-888,35.77,72.7,50.51,54.2
01/02/1993,2868.0,186.05,3278,0.7,0.64,62.86,10.6,8519,5.5,10.6,3.42,5.05,35.77,-888,35.77,72.7,50.51,54.2
01/03/1993,2878.7,186.05,3278,0.7,0.47,63.16,10.6,8557,5.5,10.6,3.42,5.05,35.77,-888,35.77,72.7,50.51,54.2
01/04/1993,2813.1,187.1,3288,0.5,1.1,63.85,10.5,8557,5.5,10.5,3.42,5.05,35.48,-625,35.48,72.7,50.51,54.2
01/05/1993,2840.7,187.1,3288,0.5,0.47,64.15,10.4,8565,5.5,10.4,3.42,5.05,35.48,-625,35.48,72.7,50.51,54.2
01/06/1993,2900.0,187.1,3288,0.5,-0.16,64.05,10.4,8565,5.5,10.4,3.42,5.05,35.48,-625,35.48,72.7,50.51,54.2
01/07/1993,2926.5,193.97,3346,0.8,-0.31,63.85,10.3,8606,5.5,10.3,3.42,5.05,35.6,-1653,35.6,72.7,50.51,54.2
01/08/1993,3100.0,193.97,3346,0.8,0.47,64.15,10.2,8583,5.5,10.2,3.42,5.05,35.6,-1653,35.6,72.7,50.51,54.2
01/09/1993,3037.5,193.97,3346,0.8,0.47,64.45,10.3,8586,5.5,10.3,3.42,5.05,35.6,-1653,35.6,72.7,50.51,54.2
01/10/1993,3171.0,202.05,3367,0.7,-0.15,64.35,10.2,8589,5.5,10.2,3.42,5.05,36.54,-2545,36.54,72.7,50.51,54.2
01/11/1993,3166.9,202.05,3367,0.7,-0.31,64.15,10.3,8585,5.5,10.3,3.42,5.05,36.54,-2545,36.54,72.7,50.51,54.2
01/12/1993,3418.4,202.05,3367,0.7,0.31,64.35,10.3,8585,5.5,10.3,3.42,5.05,36.54,-2545,36.54,72.7,50.51,54.2
01/01/1994,3491.8,197.68,3453,1.2,-0.46,64.05,10.1,8587,5.5,10.1,3.42,5.05,36.79,-2019,36.79,72.7,50.51,54.2
01/02/1994,3328.1,197.68,3453,1.2,0.47,64.35,9.9,8580,5.5,9.9,3.42,5.05,36.79,-2019,36.79,72.7,50.51,54.2
01/03/1994,3086.4,197.68,3453,1.2,0.31,64.55,9.8,8586,5.5,9.8,3.42,5.05,36.79,-2019,36.79,72.7,50.51,54.2
01/04/1994,3125.3,197.19,3469,1.2,0.92,65.15,9.7,8607,5.5,9.7,3.42,5.05,36.54,-1609,36.54,72.7,50.51,54.2
01/05/1994,2970.5,197.19,3469,1.2,0.31,65.35,9.7,8626,5.5,9.7,3.42,5.05,36.54,-1609,36.54,72.7,50.51,54.2
01/06/1994,2919.2,197.19,3469,1.2,0.0,65.35,9.6,8600,5.5,9.6,3.42,5.05,36.54,-1609,36.54,72.7,50.51,54.2
01/07/1994,3082.6,203.8,3517,1.1,-0.61,64.95,9.5,8622,5.5,9.5,3.42,5.05,36.91,-2794,36.91,72.7,50.51,54.2
01/08/1994,3251.3,203.8,3517,1.1,0.61,65.35,9.4,8643,5.5,9.4,3.42,5.05,36.91,-2794,36.91,72.7,50.51,54.2
01/09/1994,3026.3,203.8,3517,1.1,0.15,65.45,9.3,8682,5.5,9.3,3.42,5.05,36.91,-2794,36.91,72.7,50.51,54.2
01/10/1994,3097.4,210.82,3572,0.6,-0.3,65.25,9.1,8721,5.5,9.1,3.42,5.05,37.6,-3452,37.6,72.7,50.51,54.2
01/11/1994,3081.4,210.82,3572,0.6,0.15,65.35,9.0,8761,5.5,9.0,3.42,5.05,37.6,-3452,37.6,72.7,50.51,54.2
01/12/1994,3065.5,210.82,3572,0.6,0.46,65.64,8.9,8805,5.5,8.9,3.42,5.05,37.6,-3452,37.6,72.7,50.51,54.2
01/01/1995,2991.6,207.21,3582,0.4,0.0,65.64,8.9,8767,5.5,8.9,3.42,5.05,37.04,-1298,37.04,72.7,50.51,54.2
01/02/1995,3009.3,207.21,3582,0.4,0.45,65.94,8.9,8736,5.5,8.9,3.42,5.05,37.04,-1298,37.04,72.7,50.51,54.2
01/03/1995,3137.9,207.21,3582,0.4,0.45,66.24,8.8,8719,5.5,8.8,3.42,5.05,37.04,-1298,37.04,72.7,50.51,54.2
01/04/1995,3216.7,207.35,3625,0.4,0.6,66.64,8.8,8709,5.5,8.8,3.42,5.05,37.82,-1079,37.82,72.7,50.51,54.2
01/05/1995,3319.4,207.35,3625,0.4,0.6,67.04,8.7,8717,5.5,8.7,3.42,5.05,37.82,-1079,37.82,72.7,50.51,54.2
01/06/1995,3314.6,207.35,3625,0.4,0.0,67.04,8.7,8691,5.5,8.7,3.42,5.05,37.82,-1079,37.82,72.7,50.51,54.2
01/07/1995,3463.3,213.42,3695,1.0,-0.59,66.64,8.6,8657,5.5,8.6,3.42,5.05,38.72,-2374,38.72,72.7,50.51,54.2
01/08/1995,3477.8,213.42,3695,1.0,0.6,67.04,8.6,8647,5.5,8.6,3.42,5.05,38.72,-2374,38.72,72.7,50.51,54.2
01/09/1995,3508.2,213.42,3695,1.0,0.45,67.34,8.6,8647,5.5,8.6,3.42,5.05,38.72,-2374,38.72,72.7,50.51,54.2
01/10/1995,3529.1,222.2,3732,0.2,-0.15,67.24,8.6,8657,5.5,8.6,3.42,5.05,39.72,-4373,39.72,72.7,50.51,54.2
01/11/1995,3664.3,222.2,3732,0.2,0.0,67.24,8.3,8643,5.5,8.3,3.42,5.05,39.72,-4373,39.72,72.7,50.51,54.2
01/12/1995,3689.3,222.2,3732,0.2,0.59,67.63,8.4,8619,5.5,8.4,3.42,5.05,39.72,-4373,39.72,72.7,50.51,54.2
01/01/1996,3759.3,220.56,3807,0.6,-0.29,67.43,8.3,8647,5.5,8.3,3.42,5.05,41.23,-2769,41.23,72.7,50.51,54.2
01/02/1996,3727.6,220.56,3807,0.6,0.44,67.73,8.2,8688,5.5,8.2,3.42,5.05,41.23,-2769,41.23,72.7,50.51,54.2
01/03/1996,3699.7,220.56,3807,0.6,0.44,68.03,8.3,8675,5.5,8.3,3.42,5.05,41.23,-2769,41.23,72.7,50.51,54.2
01/04/1996,3817.9,222.58,3879,0.3,0.44,68.33,8.3,8663,5.5,8.3,3.42,5.05,43.05,-1785,43.05,72.7,50.51,54.2
01/05/1996,3747.8,222.58,3879,0.3,0.29,68.53,8.3,8672,5.5,8.3,3.42,5.05,43.05,-1785,43.05,72.7,50.51,54.2
01/06/1996,3711.0,222.58,3879,0.3,0.15,68.63,8.2,8713,5.5,8.2,3.42,5.05,43.05,-1785,43.05,72.7,50.51,54.2
01/07/1996,3703.2,227.78,3924,1.2,-0.58,68.23,8.1,8707,5.5,8.1,3.42,5.05,42.93,-2239,42.93,72.7,50.51,54.2
01/08/1996,3867.6,227.78,3924,1.2,0.44,68.53,8.1,8714,5.5,8.1,3.42,5.05,42.93,-2239,42.93,72.7,50.51,54.2
01/09/1996,3953.7,227.78,3924,1.2,0.58,68.93,8.1,8668,5.5,8.1,3.42,5.05,42.93,-2239,42.93,72.7,50.51,54.2
01/10/1996,3979.1,236.35,3972,1.4,0.0,68.93,8.0,8641,5.5,8.0,3.42,5.05,41.32,-2605,41.32,72.7,50.51,54.2
01/11/1996,4058.0,236.35,3972,1.4,0.0,68.93,7.8,8660,5.5,7.8,3.42,5.05,41.32,-2605,41.32,72.7,50.51,54.2
01/12/1996,4118.5,236.35,3972,1.4,0.29,69.13,7.7,8662,5.5,7.7,3.42,5.05,41.32,-2605,41.32,72.7,50.51,54.2
01/01/1997,4275.8,233.71,4023,1.9,-0.43,68.83,7.5,8659,5.5,7.5,3.42,5.05,38.89,-2689,38.89,72.7,50.51,54.2
01/02/1997,4308.3,233.71,4023,1.9,0.29,69.03,7.3,8660,5.5,7.3,3.42,5.05,38.89,-2689,38.89,72.7,50.51,54.2
01/03/1997,4312.9,233.71,4023,1.9,0.14,69.13,7.2,8655,5.5,7.2,3.42,5.05,38.89,-2689,38.89,72.7,50.51,54.2
01/04/1997,4436.0,234.57,4052,0.9,0.43,69.42,7.2,8654,5.5,7.2,3.42,5.05,39.54,-2930,39.54,72.7,50.51,54.2
01/05/1997,4621.3,234.57,4052,0.9,0.29,69.62,7.2,8602,5.5,7.2,3.42,5.05,39.54,-2930,39.54,72.7,50.51,54.2
01/06/1997,4604.6,234.57,4052,0.9,0.29,69.82,7.3,8610,5.5,7.3,3.42,5.05,39.54,-2930,39.54,72.7,50.51,54.2
01/07/1997,4907.5,241.61,4161,0.7,-0.43,69.52,7.1,8670,5.5,7.1,3.42,5.05,41.24,-4090,41.24,72.7,50.51,54.2
01/08/1997,4817.5,241.61,4161,0.7,0.57,69.92,6.8,8691,5.5,6.8,3.42,5.05,41.24,-4090,41.24,72.7,50.51,54.2
01/09/1997,5244.2,241.61,4161,0.7,0.43,70.22,6.7,8711,5.5,6.7,3.42,5.05,41.24,-4090,41.24,72.7,50.51,54.2
01/10/1997,4842.3,241.86,4094,1.2,0.0,70.22,6.6,8726,5.5,6.6,3.42,5.05,43.17,-562,43.17,72.7,50.51,54.2
01/11/1997,4831.8,241.86,4094,1.2,0.0,70.22,6.5,8741,5.5,6.5,3.42,5.05,43.17,-562,43.17,72.7,50.51,54.2
01/12/1997,5135.5,241.86,4094,1.2,0.14,70.32,6.4,8798,5.5,6.4,3.42,5.05,43.17,-562,43.17,72.7,50.51,54.2
01/01/1998,5458.5,244.41,4153,0.9,-0.03,70.3,6.4,8781,5.5,6.4,3.42,5.05,43.51,-2693,43.51,72.7,50.51,54.2
01/02/1998,5767.3,244.41,4153,0.9,0.28,70.5,6.4,8776,5.5,6.4,3.42,5.05,43.51,-2693,43.51,72.7,50.51,54.2
01/03/1998,5932.2,244.41,4153,0.9,0.28,70.7,6.3,8782,5.5,6.3,3.42,5.05,43.51,-2693,43.51,72.7,50.51,54.2
01/04/1998,5928.4,244.57,4232,0.9,0.57,71.1,6.3,8804,5.5,6.3,3.42,5.05,43.63,-1803,43.63,72.7,50.51,54.2
01/05/1998,5870.7,244.57,4232,0.9,0.42,71.4,6.3,8810,5.5,6.3,3.42,5.05,43.63,-1803,43.63,72.7,50.51,54.2
01/06/1998,5832.6,244.57,4232,0.9,-0.14,71.3,6.3,8754,5.5,6.3,3.42,5.05,43.63,-1803,43.63,72.7,50.51,54.2
01/07/1998,5837.1,250.23,4367,0.7,-0.42,71.0,6.3,8699,5.5,6.3,3.42,5.05,43.45,-6882,43.45,72.7,50.51,54.2
01/08/1998,5249.4,250.23,4367,0.7,0.28,71.2,6.2,8721,5.5,6.2,3.42,5.05,43.45,-6882,43.45,72.7,50.51,54.2
01/09/1998,5064.4,250.23,4367,0.7,0.42,71.5,6.2,8698,5.5,6.2,3.42,5.05,43.45,-6882,43.45,72.7,50.51,54.2
01/10/1998,5438.4,258.04,4465,1.0,0.0,71.5,6.2,8669,5.5,6.2,3.42,5.05,45.01,-4876,45.01,72.7,50.51,54.2
01/11/1998,5743.9,258.04,4465,1.0,0.14,71.6,6.1,8673,5.5,6.1,3.42,5.05,45.01,-4876,45.01,72.7,50.51,54.2
01/12/1998,5882.6,258.04,4465,1.0,0.28,71.8,6.2,8624,5.5,6.2,3.42,5.05,45.01,-4876,45.01,72.7,50.51,54.2
01/01/1999,5896.0,257.07,4379,0.6,-0.56,71.4,6.2,8623,5.5,6.2,3.42,5.05,44.92,-4991,44.92,72.7,50.51,54.2
01/02/1999,6175.1,257.07,4379,0.6,0.14,71.5,6.2,8645,5.5,6.2,3.42,5.05,44.92,-4991,44.92,72.7,50.51,54.2
01/03/1999,6295.3,257.07,4379,0.6,0.56,71.9,6.2,8666,5.5,6.2,3.42,5.05,44.92,-4991,44.92,72.7,50.51,54.2
01/04/1999,6552.2,253.93,4358,0.2,0.42,72.2,6.1,8691,5.5,6.1,3.42,5.05,45.01,-4032,45.01,72.7,50.51,54.2
01/05/1999,6226.2,253.93,4358,0.2,0.28,72.4,6.0,8684,5.5,6.0,3.42,5.05,45.01,-4032,45.01,72.7,50.51,54.2
01/06/1999,6318.5,253.93,4358,0.2,-0.14,72.3,6.0,8695,5.5,6.0,3.42,5.05,45.01,-4032,45.01,72.7,50.51,54.2
01/07/1999,6231.9,261.23,4405,1.7,-0.55,71.9,5.9,8682,5.5,5.9,3.42,5.05,46.45,-3779,46.45,72.7,50.51,54.2
01/08/1999,6246.4,261.23,4405,1.7,0.28,72.1,5.9,8658,5.5,5.9,3.42,5.05,46.45,-3779,46.45,72.7,50.51,54.2
01/09/1999,6029.8,261.23,4405,1.7,0.42,72.4,5.8,8691,5.5,5.8,3.42,5.05,46.45,-3779,46.45,72.7,50.51,54.2
01/10/1999,6255.7,267.52,4510,1.5,-0.14,72.3,5.8,8646,5.5,5.8,3.42,5.05,46.25,-2535,46.25,72.7,50.51,54.2
01/11/1999,6597.2,267.52,4510,1.5,0.14,72.4,5.8,8631,5.5,5.8,3.42,5.05,46.25,-2535,46.25,72.7,50.51,54.2
01/12/1999,6930.2,267.52,4510,1.5,0.28,72.6,5.9,8645,5.5,5.9,3.42,5.05,46.25,-2535,46.25,72.7,50.51,54.2
01/01/2000,6268.5,270.68,4603,0.8,-0.96,71.9,5.8,8681,5.5,5.8,3.42,5.05,48.12,-4580,48.12,72.7,50.51,54.2
01/02/2000,6232.6,270.68,4603,0.8,0.42,72.2,5.8,8650,5.5,5.8,3.42,5.05,48.12,-4580,48.12,71.5,50.51,54.2
01/03/2000,6540.2,270.68,4603,0.8,0.14,72.3,5.7,8652,5.5,5.7,3.42,5.05,48.12,-4580,48.12,71.5,50.51,54.2
01/04/2000,6327.4,270.52,4647,0.6,0.41,72.6,5.6,8639,5.5,5.6,3.42,5.05,50.98,-800,50.98,73.1,53.29,54.2
01/05/2000,6359.4,270.52,4647,0.6,0.28,72.8,5.5,8670,5.5,5.5,3.42,5.05,50.98,-800,50.98,72.0,53.29,54.2
01/06/2000,6312.7,270.52,4647,0.6,0.14,72.9,5.3,8680,5.5,5.3,3.42,5.05,50.98,-800,50.98,71.7,53.29,54.2
01/07/2000,6365.3,275.28,4700,0.3,-0.55,72.5,5.3,8679,5.5,5.3,3.42,5.05,46.98,-4449,46.98,71.4,54.31,54.2
01/08/2000,6672.7,275.28,4700,0.3,0.0,72.5,5.3,8679,5.5,5.3,3.42,5.05,46.98,-4449,46.98,72.4,54.31,54.2
01/09/2000,6294.2,275.28,4700,0.3,0.83,73.1,5.4,8708,5.5,5.4,3.42,5.05,46.98,-4449,46.98,72.3,54.31,54.2
01/10/2000,6438.4,279.42,4721,0.2,0.0,73.1,5.3,8777,5.5,5.3,3.42,5.05,49.99,-6182,49.99,72.8,55.88,54.2
01/11/2000,6142.2,279.42,4721,0.2,0.14,73.2,5.2,8776,5.5,5.2,3.42,5.05,49.99,-6182,49.99,72.9,55.88,54.2
01/12/2000,6222.5,279.42,4721,0.2,0.0,73.2,5.2,8715,5.5,5.2,3.42,5.05,49.99,-6182,49.99,73.2,55.88,54.2
01/01/2001,6297.5,282.14,4759,1.2,-0.82,72.6,5.2,8740,5.5,5.2,3.42,5.05,50.06,-3430,50.06,74.0,55.64,54.2
01/02/2001,5917.9,282.14,4759,1.2,0.14,72.7,5.1,8779,8.4,5.1,3.42,5.05,50.06,-3430,50.06,75.9,55.64,54.2
01/03/2001,5633.7,282.14,4759,1.2,0.41,73.0,5.0,8784,4.7,5.0,3.42,5.05,50.06,-3430,50.06,75.7,55.64,54.2
01/04/2001,5967.0,280.71,4875,0.8,0.55,73.4,4.9,8804,5.8,4.9,3.42,5.05,51.54,-6349,51.54,76.0,57.64,54.2
01/05/2001,5796.2,280.71,4875,0.8,0.82,74.0,5.0,8794,4.9,5.0,3.42,5.05,51.54,-6349,51.54,77.4,57.64,54.2
01/06/2001,5642.5,280.71,4875,0.8,0.14,74.1,5.0,8833,5.8,5.0,3.42,5.05,51.54,-6349,51.54,76.9,57.64,54.2
01/07/2001,5529.1,286.31,4841,0.8,-0.67,73.6,5.1,8820,4.9,5.1,3.42,5.05,51.31,-6922,51.31,77.6,59.69,54.2
01/08/2001,5345.0,286.31,4841,0.8,0.41,73.9,5.1,8845,5.1,5.1,3.42,5.05,51.31,-6922,51.31,77.2,59.69,54.2
01/09/2001,4903.4,286.31,4841,0.8,0.27,74.1,5.1,8848,4.4,5.1,3.42,5.05,51.31,-6922,51.31,78.1,59.69,54.2
01/10/2001,5039.7,289.21,4911,0.4,-0.27,73.9,5.1,8819,4.7,5.1,3.42,5.05,50.31,-10887,50.31,78.7,58.48,54.2
01/11/2001,5203.6,289.21,4911,0.4,-0.14,73.8,5.2,8811,4.4,5.2,3.42,5.05,50.31,-10887,50.31,79.4,58.48,54.2
01/12/2001,5217.4,289.21,4911,0.4,0.27,74.0,5.2,8863,3.2,5.2,3.42,5.05,50.31,-10887,50.31,79.8,58.48,54.2
01/01/2002,5164.8,290.89,4969,0.4,-0.41,73.7,5.1,8880,3.7,5.1,3.42,5.05,50.38,-6597,50.38,79.7,60.42,54.2
01/02/2002,5101.0,290.89,4969,0.4,0.14,73.8,5.2,8883,3.0,5.2,3.42,5.05,50.38,-6597,50.38,80.8,60.42,54.2
01/03/2002,5271.8,290.89,4969,0.4,0.41,74.1,5.2,8839,3.1,5.2,3.42,5.05,50.38,-6597,50.38,81.3,60.42,54.2
01/04/2002,5165.6,292.56,4997,0.5,0.4,74.4,5.2,8814,3.2,5.2,3.42,5.05,50.56,-8591,50.56,82.6,65.37,54.2
01/05/2002,5085.1,292.56,4997,0.5,0.27,74.6,5.2,8812,3.7,5.2,3.42,5.05,50.56,-8591,50.56,82.0,65.37,54.2
01/06/2002,4656.4,292.56,4997,0.5,0.0,74.6,5.2,8851,3.7,5.2,3.42,5.05,50.56,-8591,50.56,80.4,65.37,54.2
01/07/2002,4246.2,299.39,5087,0.7,-0.27,74.4,5.2,8810,3.8,5.2,3.42,5.05,53.41,-9074,53.41,81.6,69.78,54.2
01/08/2002,4227.3,299.39,5087,0.7,0.27,74.6,5.3,8825,3.1,5.3,3.42,5.05,53.41,-9074,53.41,81.7,69.78,54.2
01/09/2002,3721.8,299.39,5087,0.7,0.27,74.8,5.2,8785,3.1,5.2,3.42,5.05,53.41,-9074,53.41,81.8,69.78,54.2
01/10/2002,4039.7,304.84,5199,0.8,0.13,74.9,5.2,8787,2.8,5.2,3.42,5.05,56.46,-3366,56.46,82.1,73.22,54.2
01/11/2002,4169.4,304.84,5199,0.8,0.0,74.9,5.1,8774,2.8,5.1,3.42,5.05,56.46,-3366,56.46,82.4,73.22,54.2
01/12/2002,3940.4,304.84,5199,0.8,0.4,75.2,5.0,8859,2.4,5.0,3.42,5.05,56.46,-3366,56.46,83.1,73.22,54.2
01/01/2003,3567.4,310.13,5247,0.7,-0.66,74.7,5.1,8878,2.6,5.1,3.42,5.05,55.69,-6679,55.69,82.3,74.55,54.2
01/02/2003,3655.6,310.13,5247,0.7,0.4,75.0,5.2,8851,2.2,5.2,3.42,5.05,55.69,-6679,55.69,82.6,74.55,54.2
01/03/2003,3613.3,310.13,5247,0.7,0.4,75.3,5.1,8852,4.0,5.1,3.42,5.05,55.69,-6679,55.69,83.2,74.55,54.2
01/04/2003,3926.0,307.68,5266,0.9,0.27,75.5,5.0,8854,3.1,5.0,3.42,5.05,53.29,2825,53.29,83.1,76.85,54.2
01/05/2003,4048.1,307.68,5266,0.9,0.0,75.5,4.9,8857,2.8,4.9,3.42,5.05,53.29,2825,53.29,82.7,76.85,54.2
01/06/2003,4031.2,307.68,5266,0.9,-0.13,75.4,5.1,8838,2.7,5.1,3.42,5.05,53.29,2825,53.29,83.7,76.85,54.2
01/07/2003,4157.0,315.86,5332,1.1,-0.13,75.3,5.1,8878,2.6,5.1,3.42,5.05,53.89,-5325,53.89,84.0,78.96,54.2
01/08/2003,4161.1,315.86,5332,1.1,0.4,75.6,5.0,8878,3.3,5.0,3.42,5.05,53.89,-5325,53.89,84.3,78.96,54.2
01/09/2003,4091.3,315.86,5332,1.1,0.4,75.9,5.0,8900,3.4,5.0,3.42,5.05,53.89,-5325,53.89,84.7,78.96,54.2
01/10/2003,4287.6,322.52,5472,0.9,0.13,76.0,4.9,8923,3.9,4.9,3.42,5.05,55.19,-3945,55.19,84.9,80.59,54.2
01/11/2003,4342.6,322.52,5472,0.9,-0.13,75.9,4.9,8951,3.6,4.9,3.42,5.05,55.19,-3945,55.19,84.7,80.59,54.2
01/12/2003,4476.9,322.52,5472,0.9,0.4,76.2,4.8,8889,4.1,4.8,3.42,5.05,55.19,-3945,55.19,84.5,80.59,54.2
01/01/2004,4390.7,324.76,5440,0.4,-0.52,75.8,4.8,8877,4.1,4.8,3.42,5.05,56.93,-1018,56.93,86.6,81.32,54.2
01/02/2004,4492.2,324.76,5440,0.4,0.26,76.0,4.8,8890,3.4,4.8,3.68,5.41,56.93,-1018,56.93,86.3,81.32,54.2
01/03/2004,4385.7,324.76,5440,0.4,0.13,76.1,4.8,8923,3.7,4.8,3.66,5.33,56.93,-1018,56.93,86.9,81.32,54.2
01/04/2004,4489.7,324.3,5544,0.4,0.39,76.4,4.8,8942,4.2,4.8,3.75,5.47,55.74,-6069,55.74,87.8,86.09,54.2
01/05/2004,4430.7,324.3,5544,0.4,0.26,76.6,4.8,8966,4.4,4.8,4.07,5.6,55.74,-6069,55.74,87.9,86.09,54.2
01/06/2004,4464.1,324.3,5544,0.4,0.0,76.6,4.8,9003,4.3,4.8,4.14,5.86,55.74,-6069,55.74,88.4,86.09,54.2
01/07/2004,4413.1,330.91,5531,0.2,-0.26,76.4,4.7,9036,4.6,4.7,4.26,5.8,56.71,-5838,56.71,88.4,89.9,54.2
01/08/2004,4459.3,330.91,5531,0.2,0.26,76.6,4.7,9029,4.3,4.7,4.42,5.92,56.71,-5838,56.71,88.8,89.9,54.2
01/09/2004,4570.8,330.91,5531,0.2,0.13,76.7,4.7,9044,4.9,4.7,4.49,5.95,56.71,-5838,56.71,89.3,89.9,54.2
01/10/2004,4624.2,337.49,5665,0.3,0.26,76.9,4.7,8996,4.9,4.7,4.48,5.96,57.37,-9298,57.37,89.4,90.5,54.2
01/11/2004,4703.2,337.49,5665,0.3,0.13,77.0,4.7,8974,4.9,4.7,4.44,5.97,57.37,-9298,57.37,89.0,90.5,54.2
01/12/2004,4814.3,337.49,5665,0.3,0.52,77.4,4.7,8958,4.4,4.7,4.43,6.13,57.37,-9298,57.37,88.8,90.5,54.2
01/01/2005,4852.3,341.93,5697,0.8,-0.52,77.0,4.8,8917,5.0,4.8,4.41,6.05,58.63,-9357,58.63,88.5,88.64,54.2
01/02/2005,4968.5,341.93,5697,0.8,0.26,77.2,4.7,8993,5.6,4.7,4.45,6.07,58.63,-9357,58.63,88.8,88.64,54.2
01/03/2005,4894.4,341.93,5697,0.8,0.39,77.5,4.7,9059,4.5,4.7,4.46,6.03,58.63,-9357,58.63,88.5,88.64,54.2
01/04/2005,4801.7,344.04,5870,1.2,0.39,77.8,4.8,9057,4.1,4.8,4.47,5.98,59.84,-12867,59.84,88.6,91.21,54.2
01/05/2005,4964.0,344.04,5870,1.2,0.39,78.1,4.8,9068,4.5,4.8,4.45,6.07,59.84,-12867,59.84,88.4,91.21,54.2
01/06/2005,5113.2,344.04,5870,1.2,0.0,78.1,4.7,9064,4.4,4.7,4.42,6.12,59.84,-12867,59.84,89.1,91.21,54.2
01/07/2005,5282.3,348.4,5831,1.1,0.13,78.2,4.7,9049,4.6,4.7,4.35,5.7,60.86,-5995,60.86,89.1,93.45,54.2
01/08/2005,5296.9,348.4,5831,1.1,0.26,78.4,4.7,9042,5.1,4.7,4.15,6.14,60.86,-5995,60.86,88.4,93.45,54.2
01/09/2005,5477.7,348.4,5831,1.1,0.26,78.6,4.9,9042,4.6,4.9,4.06,6.1,60.86,-5995,60.86,88.6,93.45,54.2
01/10/2005,5317.3,358.67,5952,1.4,0.13,78.7,5.1,9074,3.9,5.1,4.07,5.84,61.45,-8669,61.45,89.0,93.56,54.2
01/11/2005,5423.2,358.67,5952,1.4,0.0,78.7,5.1,9084,4.4,5.1,4.29,5.85,61.45,-8669,61.45,89.7,93.56,54.2
01/12/2005,5618.8,358.67,5952,1.4,0.25,78.9,5.1,9076,4.5,5.1,4.21,5.96,61.45,-8669,61.45,89.5,93.56,54.2
01/01/2006,5760.3,366.51,5984,0.5,-0.51,78.5,5.2,9024,4.2,5.2,4.14,5.66,62.52,-8104,62.52,90.6,94.24,54.2
01/02/2006,5791.5,366.51,5984,0.5,0.38,78.8,5.2,8981,6.0,5.2,4.11,5.66,62.52,-8104,62.52,90.8,94.24,54.2
01/03/2006,5964.6,366.51,5984,0.5,0.13,78.9,5.3,8957,5.5,5.3,4.15,5.75,62.52,-8104,62.52,91.6,94.24,54.2
01/04/2006,6023.1,359.26,6047,0.3,0.63,79.4,5.4,8973,4.8,5.4,4.18,5.66,63.5,-7411,63.5,91.4,97.82,54.2
01/05/2006,5723.8,359.26,6047,0.3,0.63,79.9,5.5,8950,4.6,5.5,4.24,5.77,63.5,-7411,63.5,92.1,97.82,54.2
01/06/2006,5833.4,359.26,6047,0.3,0.25,80.1,5.5,8929,5.5,5.5,4.29,5.82,63.5,-7411,63.5,92.2,97.82,54.2
01/07/2006,5928.3,369.79,6036,0.1,-0.12,80.0,5.5,8893,4.5,5.5,4.29,5.8,66.08,-5029,66.08,92.3,100.84,54.2
01/08/2006,5906.1,369.79,6036,0.1,0.5,80.4,5.5,8980,3.7,5.5,4.45,5.96,66.08,-5029,66.08,92.2,100.84,54.2
01/09/2006,5960.8,369.79,6036,0.1,0.12,80.5,5.5,9001,3.5,5.5,4.56,6.04,66.08,-5029,66.08,91.8,100.84,54.2
01/10/2006,6129.2,375.16,6109,0.5,0.12,80.6,5.4,9042,4.1,5.4,4.55,6.09,66.22,-5830,66.22,92.9,102.74,54.2
01/11/2006,6048.9,375.16,6109,0.5,0.25,80.8,5.5,9037,4.1,5.5,4.75,6.18,66.22,-5830,66.22,93.0,102.74,54.2
01/12/2006,6220.8,375.16,6109,0.5,0.62,81.3,5.5,9074,5.7,5.5,4.79,6.32,66.22,-5830,66.22,93.5,102.74,54.2
01/01/2007,6203.1,383.73,6162,0.9,-0.86,80.6,5.5,9131,7.0,5.5,4.89,6.44,67.25,-8799,67.25,92.6,104.2,54.2
01/02/2007,6171.5,383.73,6162,0.9,0.5,81.0,5.5,9145,7.3,5.5,4.99,6.44,67.25,-8799,67.25,93.8,104.2,54.2
01/03/2007,6308.0,383.73,6162,0.9,0.49,81.4,5.5,9154,4.8,5.5,5.02,6.48,67.25,-8799,67.25,94.3,104.2,54.2
01/04/2007,6449.2,376.96,6244,0.6,0.25,81.6,5.4,9123,4.1,5.4,5.03,6.64,69.83,-8719,69.83,95.3,108.23,54.2
01/05/2007,6621.5,376.96,6244,0.6,0.25,81.8,5.4,9162,4.5,5.4,5.19,6.96,69.83,-8719,69.83,94.3,108.23,54.2
01/06/2007,6607.9,376.96,6244,0.6,0.24,82.0,5.3,9187,4.1,5.3,5.29,6.68,69.83,-8719,69.83,94.3,108.23,54.2
01/07/2007,6360.1,388.38,6274,0.8,-0.61,81.5,5.3,9190,4.7,5.3,5.45,7.36,67.51,-10560,67.51,94.6,111.25,54.2
01/08/2007,6303.3,388.38,6274,0.8,0.37,81.8,5.3,9175,5.1,5.3,5.69,7.67,67.51,-10560,67.51,95.1,111.25,54.2
01/09/2007,6466.8,388.38,6274,0.8,0.12,81.9,5.2,9170,5.4,5.2,5.88,7.24,67.51,-10560,67.51,95.2,111.25,54.2
01/10/2007,6721.6,397.02,6388,0.5,0.49,82.3,5.2,9148,4.1,5.2,5.56,7.15,72.11,-10900,72.11,94.8,111.14,54.2
01/11/2007,6432.5,397.02,6388,0.5,0.24,82.5,5.2,9145,4.6,5.2,5.59,7.06,72.11,-10900,72.11,95.3,111.14,54.2
01/12/2007,6456.9,397.02,6388,0.5,0.61,83.0,5.2,9137,3.0,5.2,5.85,7.05,72.11,-10900,72.11,94.6,111.14,54.2
01/01/2008,5879.8,404.14,6509,0.5,-0.72,82.4,5.2,9106,4.3,5.2,5.34,6.62,69.82,-14695,69.82,93.9,108.11,54.2
01/02/2008,5884.3,404.14,6509,0.5,0.73,83.0,5.2,9130,4.4,5.2,5.27,6.51,69.82,-14695,69.82,95.7,108.11,54.2
01/03/2008,5702.1,404.14,6509,0.5,0.48,83.4,5.3,9101,5.6,5.3,5.29,6.47,69.82,-14695,69.82,94.3,108.11,54.2
01/04/2008,6087.3,394.62,6405,-0.6,0.72,84.0,5.2,9124,4.2,5.2,5.35,6.62,71.45,-9896,71.45,93.5,107.44,54.2
01/05/2008,6053.5,394.62,6405,-0.6,0.71,84.6,5.4,9126,4.1,5.4,5.28,6.27,71.45,-9896,71.45,96.2,107.44,54.2
01/06/2008,5625.9,394.62,6405,-0.6,0.71,85.2,5.5,9133,3.2,5.5,5.22,6.34,71.45,-9896,71.45,92.9,107.44,54.2
01/07/2008,5411.9,395.01,6366,-1.6,-0.12,85.1,5.7,9164,3.2,5.7,5.22,6.31,68.28,-13108,68.28,93.0,103.19,54.2
01/08/2008,5636.6,395.01,6366,-1.6,0.71,85.7,5.9,9171,3.0,5.9,5.16,6.29,68.28,-13108,68.28,93.1,103.19,54.2
01/09/2008,4902.5,395.01,6366,-1.6,0.47,86.1,6.0,9205,2.5,6.0,5.21,6.54,68.28,-13108,68.28,93.1,103.19,54.2
01/10/2008,4377.3,395.49,6169,-2.1,-0.23,85.9,6.2,9139,3.5,6.2,5.56,6.76,68.08,4904,68.08,92.3,96.36,54.2
01/11/2008,4288.0,395.49,6169,-2.1,-0.12,85.8,6.4,9125,2.3,6.4,4.46,5.31,68.08,4904,68.08,92.4,96.36,54.2
01/12/2008,4434.2,395.49,6169,-2.1,-0.35,85.5,6.5,9067,2.4,6.5,2.83,3.85,68.08,4904,68.08,92.3,96.36,54.2
01/01/2009,4149.6,387.71,6086,-1.7,-0.7,84.9,6.7,9127,-1.1,6.7,2.12,3.15,64.28,300,64.28,94.0,91.44,54.2
01/02/2009,3830.1,387.71,6086,-1.7,0.82,85.6,7.1,9111,-5.8,7.1,1.75,2.75,64.28,300,64.28,92.4,91.44,54.2
01/03/2009,3926.1,387.71,6086,-1.7,0.23,85.8,7.3,9163,-1.2,7.3,1.54,2.64,64.28,300,64.28,93.1,91.44,54.2
01/04/2009,4243.7,379.4,6107,-0.2,0.23,86.0,7.6,9209,1.7,7.6,1.67,2.52,61.7,-4084,61.7,94.2,92.67,54.2
01/05/2009,4417.9,379.4,6107,-0.2,0.47,86.4,7.8,9247,0.6,7.8,1.74,2.45,61.7,-4084,61.7,93.5,92.67,54.2
01/06/2009,4249.2,379.4,6107,-0.2,0.35,86.7,7.9,9314,0.9,7.9,1.83,2.25,61.7,-4084,61.7,94.6,92.67,54.2
01/07/2009,4608.4,388.67,6263,0.1,0.0,86.7,7.9,9293,0.4,7.9,1.78,2.21,62.17,3255,62.17,94.4,96.25,54.2
01/08/2009,4908.9,388.67,6263,0.1,0.35,87.0,7.8,9330,0.6,7.8,1.95,2.14,62.17,3255,62.17,94.8,96.25,54.2
01/09/2009,5133.9,388.67,6263,0.1,0.11,87.1,7.9,9336,0.8,7.9,1.62,2.18,62.17,3255,62.17,94.7,96.25,54.2
01/10/2009,5044.6,392.74,6203,0.3,0.11,87.2,7.8,9380,0.4,7.8,1.38,2.21,60.69,-3579,60.69,94.8,98.15,54.2
01/11/2009,5190.7,392.74,6203,0.3,0.34,87.5,7.8,9395,1.0,7.8,1.36,2.51,60.69,-3579,60.69,94.4,98.15,54.2
01/12/2009,5412.9,392.74,6203,0.3,0.57,88.0,7.7,9477,0.9,7.7,1.3,2.3,60.69,-3579,60.69,93.4,98.15,54.2
01/01/2010,5188.5,398.65,6311,0.6,-0.23,87.8,7.9,9475,1.4,7.9,1.1,2.27,62.5,-6471,62.5,90.8,98.49,54.2
01/02/2010,5354.5,398.65,6311,0.6,0.46,88.2,8.0,9487,5.5,8.0,1.06,2.27,62.5,-6471,62.5,93.5,98.49,54.2
01/03/2010,5679.6,398.65,6311,0.6,0.57,88.7,8.0,9499,1.6,8.0,1.39,2.43,62.5,-6471,62.5,93.0,98.49,54.2
01/04/2010,5553.3,396.8,6411,1.0,0.56,89.2,7.9,9433,1.2,7.9,1.51,2.31,62.7,-6278,62.7,93.7,100.28,54.2
01/05/2010,5188.4,396.8,6411,1.0,0.22,89.4,7.9,9446,1.9,7.9,1.43,2.26,62.7,-6278,62.7,93.7,100.28,54.2
01/06/2010,4916.9,396.8,6411,1.0,0.11,89.5,7.8,9371,1.8,7.8,1.3,2.28,62.7,-6278,62.7,93.9,100.28,54.2
01/07/2010,5258.0,401.56,6407,0.7,-0.22,89.3,7.8,9383,1.8,7.8,1.14,2.38,64.83,-6396,64.83,94.2,101.73,54.2
01/08/2010,5225.2,401.56,6407,0.7,0.56,89.8,7.8,9368,2.0,7.8,1.25,2.18,64.83,-6396,64.83,94.1,101.73,54.2
01/09/2010,5548.6,401.56,6407,0.7,0.0,89.8,7.9,9417,2.2,7.9,1.12,2.26,64.83,-6396,64.83,93.0,101.73,54.2
01/10/2010,5675.2,409.02,6452,0.0,0.22,90.0,7.9,9498,2.2,7.9,1.51,2.27,66.57,-3585,66.57,93.5,99.5,54.2
01/11/2010,5528.3,409.02,6452,0.0,0.33,90.3,7.9,9483,2.1,7.9,1.29,2.31,66.57,-3585,66.57,93.4,99.5,54.2
01/12/2010,5899.9,409.02,6452,0.0,1.0,91.2,7.9,9436,2.2,7.9,1.14,2.24,66.57,-3585,66.57,92.4,99.5,54.2
01/01/2011,5862.9,417.2,6589,0.4,0.11,91.3,7.8,9424,3.1,7.8,1.49,2.62,63.82,-16197,63.82,92.2,97.71,54.2
01/02/2011,5994.0,417.2,6589,0.4,0.77,92.0,7.8,9455,2.5,7.8,1.61,2.65,63.82,-16197,63.82,91.9,97.71,54.2
01/03/2011,5908.8,417.2,6589,0.4,0.22,92.2,7.7,9509,2.6,7.7,1.92,2.59,63.82,-16197,63.82,91.9,97.71,54.2
01/04/2011,6069.9,407.84,6582,0.1,1.08,93.2,7.8,9465,2.1,7.8,1.86,2.71,63.39,-14579,63.39,93.0,98.49,54.2
01/05/2011,5990.0,407.84,6582,0.1,0.21,93.4,7.9,9457,2.1,7.9,1.97,2.73,63.39,-14579,63.39,91.1,98.49,54.2
01/06/2011,5945.7,407.84,6582,0.1,-0.11,93.3,8.0,9544,3.0,8.0,1.96,2.79,63.39,-14579,63.39,91.2,98.49,54.2
01/07/2011,5815.2,412.07,6534,0.3,0.0,93.3,8.2,9499,2.9,8.2,2.05,2.67,64.97,-1505,64.97,91.4,99.61,54.2
01/08/2011,5394.5,412.07,6534,0.3,0.54,93.8,8.3,9487,2.0,8.3,1.87,2.67,64.97,-1505,64.97,91.1,99.61,54.2
01/09/2011,5128.5,412.07,6534,0.3,0.64,94.4,8.4,9459,1.7,8.4,2.03,2.7,64.97,-1505,64.97,91.4,99.61,54.2
01/10/2011,5544.2,423.03,6613,0.1,0.11,94.5,8.5,9419,2.0,8.5,1.98,2.8,66.73,349,66.73,92.1,98.27,54.2
01/11/2011,5505.4,423.03,6613,0.1,0.11,94.6,8.4,9410,1.9,8.4,2.2,2.61,66.73,349,66.73,91.7,98.27,54.2
01/12/2011,5572.3,423.03,6613,0.1,0.53,95.1,8.3,9410,1.8,8.3,2.18,2.97,66.73,349,66.73,93.1,98.27,54.2
01/01/2012,5681.6,427.2,6584,0.7,-0.53,94.6,8.3,9399,0.4,8.3,2.22,2.74,67.65,-10338,67.65,92.3,97.26,54.2
01/02/2012,5871.5,427.2,6584,0.7,0.53,95.1,8.2,9360,0.8,8.2,2.05,2.69,67.65,-10338,67.65,91.8,97.26,54.2
01/03/2012,5768.5,427.2,6584,0.7,0.32,95.4,8.2,9341,0.9,8.2,2.08,2.85,67.65,-10338,67.65,93.4,97.26,54.2
01/04/2012,5737.8,418.93,6586,-0.1,0.63,96.0,8.1,9308,1.9,8.1,2.46,3.0,66.07,-6350,66.07,91.1,99.05,54.2
01/05/2012,5320.9,418.93,6586,-0.1,-0.1,95.9,8.0,9225,1.5,8.0,2.62,2.87,66.07,-6350,66.07,91.8,99.05,54.2
01/06/2012,5571.2,418.93,6586,-0.1,-0.42,95.5,8.0,9140,1.1,8.0,2.49,2.88,66.07,-6350,66.07,92.1,99.05,54.2
01/07/2012,5635.3,427.93,6721,1.2,0.1,95.6,7.9,9148,1.5,7.9,2.5,2.75,65.64,-4249,65.64,92.0,100.17,54.2
01/08/2012,5711.5,427.93,6721,1.2,0.52,96.1,7.9,9174,2.2,7.9,2.29,2.78,65.64,-4249,65.64,92.2,100.17,54.2
01/09/2012,5742.1,427.93,6721,1.2,0.42,96.5,7.9,9204,1.7,7.9,2.21,2.75,65.64,-4249,65.64,92.5,100.17,54.2
01/10/2012,5782.7,437.72,6680,-0.2,0.52,97.0,7.8,9122,1.2,7.8,2.0,2.95,69.62,-465,69.62,92.0,99.27,54.2
01/11/2012,5866.8,437.72,6680,-0.2,0.21,97.2,7.8,9072,1.4,7.8,1.89,2.73,69.62,-465,69.62,91.3,99.27,54.2
01/12/2012,5897.8,437.72,6680,-0.2,0.41,97.6,7.8,9085,1.0,7.8,1.63,2.68,69.62,-465,69.62,91.9,99.27,54.2
01/01/2013,6276.9,439.58,6616,0.5,-0.51,97.1,8.0,9115,1.4,8.0,1.69,2.73,67.3,-1177,67.3,91.9,98.6,54.2
01/02/2013,6360.8,439.58,6616,0.5,0.72,97.8,7.8,9155,1.1,7.8,1.5,2.66,67.3,-1177,67.3,93.2,98.6,54.2
01/03/2013,6411.7,439.58,6616,0.5,0.31,98.1,7.8,9150,-0.3,7.8,1.47,2.64,67.3,-1177,67.3,91.5,98.6,54.2
01/04/2013,6430.1,438.76,6778,0.8,0.2,98.3,7.8,9178,3.3,7.8,1.45,2.85,70.46,-5860,70.46,91.2,100.62,54.2
01/05/2013,6583.1,438.76,6778,0.8,0.2,98.5,7.7,9129,1.7,7.7,1.34,2.72,70.46,-5860,70.46,92.7,100.62,54.2
01/06/2013,6215.5,438.76,6778,0.8,-0.2,98.3,7.7,9089,1.0,7.7,1.41,2.46,70.46,-5860,70.46,93.3,100.62,54.2
01/07/2013,6621.1,444.29,6855,0.9,0.0,98.3,7.7,9072,0.7,7.7,1.29,2.76,72.69,1490,72.69,93.7,103.08,54.2
01/08/2013,6412.9,444.29,6855,0.9,0.41,98.7,7.6,9033,0.5,7.6,1.23,2.74,72.69,1490,72.69,93.4,103.08,54.2
01/09/2013,6462.2,444.29,6855,0.9,0.41,99.1,7.4,9028,0.9,7.4,1.23,2.56,72.69,1490,72.69,94.0,103.08,54.2
01/10/2013,6731.4,457.71,6927,0.6,0.0,99.1,7.2,9030,1.0,7.2,1.22,2.73,73.63,10503,73.63,93.3,103.64,54.2
01/11/2013,6650.6,457.71,6927,0.6,0.1,99.2,7.2,9038,0.7,7.2,1.3,2.65,73.63,10503,73.63,93.2,103.64,54.2
01/12/2013,6749.1,457.71,6927,0.6,0.4,99.6,7.2,9014,1.3,7.2,1.23,2.45,73.63,10503,73.63,93.8,103.64,54.2
01/01/2014,6510.4,465.01,7012,0.8,-0.6,99.0,6.9,8992,1.7,6.9,1.25,2.69,76.08,-3502,76.08,94.6,104.98,54.2
01/02/2014,6809.7,465.01,7012,0.8,0.51,99.5,6.8,8999,2.1,6.8,1.26,2.76,76.08,-3502,76.08,95.1,104.98,54.2
01/03/2014,6598.4,465.01,7012,0.8,0.2,99.7,6.6,8961,1.1,6.6,1.26,2.53,76.08,-3502,76.08,96.0,104.98,54.2
01/04/2014,6780.0,461.38,7054,0.7,0.4,100.1,6.4,8926,-1.3,6.4,1.25,2.8,76.21,11931,76.21,95.7,108.79,54.2
01/05/2014,6844.5,461.38,7054,0.7,-0.1,100.0,6.3,9007,0.3,6.3,1.1,2.67,76.21,11931,76.21,95.9,108.79,54.2
01/06/2014,6743.9,461.38,7054,0.7,0.2,100.2,6.1,9074,0.6,6.1,1.07,2.73,76.21,11931,76.21,96.5,108.79,54.2
01/07/2014,6730.1,463.49,7077,0.6,-0.3,99.9,6.0,9038,0.4,6.0,1.25,2.61,77.83,2101,77.83,96.5,112.26,54.2
01/08/2014,6819.8,463.49,7077,0.6,0.3,100.2,6.0,9027,0.7,6.0,1.31,2.67,77.83,2101,77.83,96.5,112.26,54.2
01/09/2014,6622.7,463.49,7077,0.6,0.1,100.3,6.0,9053,1.5,6.0,1.27,2.58,77.83,2101,77.83,95.8,112.26,54.2
01/10/2014,6546.5,473.12,7079,0.6,0.1,100.4,5.9,9093,1.9,5.9,1.32,2.61,79.66,7930,79.66,96.4,112.48,54.2
01/11/2014,6722.6,473.12,7079,0.6,-0.3,100.1,5.7,9064,1.8,5.7,1.27,2.75,79.66,7930,79.66,97.6,112.48,54.2
01/12/2014,6566.1,473.12,7079,0.6,0.0,100.1,5.7,9044,2.3,5.7,1.21,2.64,79.66,7930,79.66,98.2,112.48,54.2
01/01/2015,6749.4,475.84,7132,0.5,-0.8,99.3,5.6,9011,1.4,5.6,1.2,2.58,81.46,8466,81.46,97.8,112.14,54.2
01/02/2015,6946.7,475.84,7132,0.5,0.2,99.5,5.5,9031,1.4,5.5,1.22,2.43,81.46,8466,81.46,98.8,112.14,54.2
01/03/2015,6773.0,475.84,7132,0.5,0.2,99.7,5.5,9046,4.1,5.5,1.15,2.43,81.46,8466,81.46,99.5,112.14,54.2
01/04/2015,6960.6,477.09,7288,0.7,0.2,99.9,5.6,9065,2.5,5.6,1.19,2.63,82.58,2199,82.58,100.1,114.49,54.2
01/05/2015,6984.4,477.09,7288,0.7,0.2,100.1,5.6,9043,2.6,5.6,1.12,2.5,82.58,2199,82.58,99.7,114.49,54.2
01/06/2015,6521.0,477.09,7288,0.7,0.1,100.2,5.5,9035,2.3,5.5,1.13,2.64,82.58,2199,82.58,100.3,114.49,54.2
01/07/2015,6696.3,477.69,7246,0.4,-0.2,100.0,5.4,9052,3.5,5.4,1.2,2.54,81.8,-1913,81.8,99.9,118.3,54.2
01/08/2015,6247.9,477.69,7246,0.4,0.3,100.3,5.3,8983,3.2,5.3,1.24,2.62,81.8,-1913,81.8,99.0,118.3,54.2
01/09/2015,6061.6,477.69,7246,0.4,-0.1,100.2,5.2,8949,2.1,5.2,1.16,2.62,81.8,-1913,81.8,101.3,118.3,54.2
01/10/2015,6361.1,489.02,7107,0.7,0.1,100.3,5.1,8952,1.8,5.1,1.2,2.61,84.97,-440,84.97,99.9,119.75,54.2
01/11/2015,6356.1,489.02,7107,0.7,0.0,100.3,5.1,8929,2.0,5.1,1.18,2.59,84.97,-440,84.97,101.0,119.75,54.2
01/12/2015,6242.3,489.02,7107,0.7,0.0,100.3,5.1,8947,1.8,5.1,1.02,2.8,84.97,-440,84.97,101.8,119.75,54.2
01/01/2016,6083.8,492.99,7245,0.2,-0.8,99.5,5.1,8916,2.8,5.1,1.11,3.21,85.83,10544,85.83,102.9,121.1,54.2
01/02/2016,6097.1,492.99,7245,0.2,0.3,99.8,5.1,8937,1.5,5.1,1.12,3.44,85.83,10544,85.83,102.6,121.1,54.2
01/03/2016,6174.9,492.99,7245,0.2,0.4,100.2,5.0,8940,2.5,5.0,1.02,3.47,85.83,10544,85.83,103.0,121.1,54.2
01/04/2016,6241.9,496.45,7355,0.5,0.0,100.2,4.9,8894,2.5,4.9,1.04,3.53,87.57,8681,87.57,103.7,123.67,54.2
01/05/2016,6230.8,496.45,7355,0.5,0.2,100.4,4.9,8874,2.4,4.9,0.92,3.29,87.57,8681,87.57,104.9,123.67,54.2
01/06/2016,6504.3,496.45,7355,0.5,0.2,100.6,4.9,8850,2.5,4.9,0.93,3.64,87.57,8681,87.57,103.6,123.67,54.2
01/07/2016,6724.4,494.3,7452,0.3,0.0,100.6,5.0,8824,2.5,5.0,0.92,3.13,89.89,461,89.89,105.2,126.25,54.2
01/08/2016,6781.5,494.3,7452,0.3,0.3,100.9,4.8,8895,2.1,4.8,0.95,2.94,89.89,461,89.89,104.8,126.25,54.2
01/09/2016,6899.3,494.3,7452,0.3,0.2,101.1,4.8,8907,2.5,4.8,0.85,3.14,89.89,461,89.89,105.1,126.25,54.2
01/10/2016,6954.2,510.97,7576,0.6,0.1,101.2,4.8,8915,2.7,4.8,0.78,3.0,89.93,-1188,89.93,106.6,126.13,54.2
01/11/2016,6783.8,510.97,7576,0.6,0.2,101.4,4.7,8885,2.8,4.7,0.68,3.01,89.93,-1188,89.93,107.4,126.13,54.2
01/12/2016,7142.8,510.97,7576,0.6,0.49,101.9,4.7,8910,1.8,4.7,0.68,2.85,89.93,-1188,89.93,105.1,126.13,54.2
01/01/2017,7099.2,514.96,7691,0.5,-0.1,101.8,4.6,8897,1.7,4.6,0.69,3.01,90.7,-4879,90.7,104.2,126.47,54.2
01/02/2017,7263.4,514.96,7691,0.5,0.59,102.4,4.6,8862,2.7,4.6,0.74,2.94,90.7,-4879,90.7,106.7,126.47,54.2
01/03/2017,7322.9,514.96,7691,0.5,0.29,102.7,4.5,8872,2.1,4.5,0.72,2.92,90.7,-4879,90.7,105.4,126.47,54.2
01/04/2017,7203.9,510.91,7642,0.3,0.49,103.2,4.4,8847,1.8,4.4,0.78,2.88,92.98,-5411,92.98,107.8,129.27,54.2
01/05/2017,7520.0,510.91,7642,0.3,0.29,103.5,4.4,8778,2.0,4.4,0.71,3.03,92.98,-5411,92.98,106.5,129.27,54.2
01/06/2017,7312.7,510.91,7642,0.3,0.0,103.5,4.3,8749,3.0,4.3,0.74,3.03,92.98,-5411,92.98,106.7,129.27,54.2
01/07/2017,7372.0,513.83,7739,0.4,0.0,103.5,4.3,8806,1.6,4.3,0.79,2.91,93.26,-6993,93.26,105.8,132.18,54.2
01/08/2017,7430.6,513.83,7739,0.4,0.48,104.0,4.3,8883,2.4,4.3,0.85,2.9,93.26,-6993,93.26,106.9,132.18,53.9
01/09/2017,7372.8,513.83,7739,0.4,0.29,104.3,4.2,8864,2.9,4.2,0.84,2.8,93.26,-6993,93.26,106.2,132.18,54.0
01/10/2017,7493.1,529.05,7842,0.4,0.1,104.4,4.3,8743,2.3,4.3,0.93,2.59,95.4,-115,95.4,106.6,132.06,55.4
01/11/2017,7326.7,529.05,7842,0.4,0.29,104.7,4.4,8785,2.3,4.4,0.94,3.0,95.4,-115,95.4,107.3,132.06,54.7
01/12/2017,7687.8,529.05,7842,0.4,0.29,105.0,4.3,8742,3.1,4.3,0.84,3.11,95.4,-115,95.4,106.8,132.06,54.7
01/01/2018,7533.6,528.69,7858,0.1,-0.48,104.5,4.2,8749,2.6,4.2,0.9,3.26,94.46,-1580,94.46,107.0,131.84,53.1
01/02/2018,7231.9,528.69,7858,0.1,0.38,104.9,4.2,8679,2.7,4.2,0.85,3.12,94.46,-1580,94.46,107.8,131.84,54.2
01/03/2018,7056.6,528.69,7858,0.1,0.19,105.1,4.2,8668,3.3,4.2,0.9,2.83,94.46,-1580,94.46,107.5,131.84,51.9
01/04/2018,7509.3,530.06,7935,0.4,0.38,105.5,4.2,8662,2.1,4.2,0.84,2.96,94.87,-4492,94.87,109.6,133.3,53.2
01/05/2018,7678.2,530.06,7935,0.4,0.38,105.9,4.0,8739,2.5,4.0,0.79,3.13,94.87,-4492,94.87,111.6,133.3,54.3
01/06/2018,7636.9,530.06,7935,0.4,0.0,105.9,4.0,8758,2.0,4.0,0.9,3.24,94.87,-4492,94.87,109.8,133.3,55.0
01/07/2018,7748.8,534.82,8015,0.6,0.0,105.9,4.0,8740,3.2,4.0,0.94,3.09,95.73,-4434,95.73,109.7,135.87,53.7
01/08/2018,7432.4,534.82,8015,0.6,0.57,106.5,4.1,8726,3.2,4.1,0.98,3.07,95.73,-4434,95.73,110.0,135.87,54.1
01/09/2018,7510.2,534.82,8015,0.6,0.09,106.6,4.1,8666,2.9,4.1,0.99,2.9,95.73,-4434,95.73,109.0,135.87,53.9
01/10/2018,7128.1,548.22,7989,0.2,0.09,106.7,4.0,8650,4.2,4.0,1.16,3.25,96.19,-5490,96.19,108.6,135.2,52.2
01/11/2018,6980.2,548.22,7989,0.2,0.19,106.9,4.0,8632,3.1,4.0,1.08,3.12,96.19,-5490,96.19,110.7,135.2,51.0
01/12/2018,6728.1,548.22,7989,0.2,0.19,107.1,3.9,8549,3.1,3.9,1.02,2.9,96.19,-5490,96.19,108.9,135.2,51.5
01/01/2019,6968.9,550.65,8187,0.6,-0.65,106.4,3.9,8536,3.8,3.9,1.03,3.23,99.32,-4089,99.32,111.4,133.63,50.3
01/02/2019,7074.7,550.65,8187,0.6,0.38,106.8,3.8,8609,3.6,3.8,1.11,2.84,99.32,-4089,99.32,111.8,133.63,51.4
01/03/2019,7279.2,550.65,8187,0.6,0.19,107.0,3.8,8581,2.4,3.8,1.1,2.82,99.32,-4089,99.32,114.8,133.63,50.0
01/04/2019,7418.2,545.54,8235,0.1,0.56,107.6,3.8,8619,4.0,3.8,1.11,3.13,99.71,-3855,99.71,115.8,134.64,50.9
01/05/2019,7161.7,545.54,8235,0.1,0.28,107.9,3.9,8562,3.9,3.9,0.94,3.41,99.71,-3855,99.71,114.5,134.64,50.7
01/06/2019,7425.6,545.54,8235,0.1,0.0,107.9,3.8,8587,3.9,3.8,0.99,2.91,99.71,-3855,99.71,113.6,134.64,49.2
01/07/2019,7586.8,552.69,8257,0.5,0.09,108.0,3.9,8676,3.9,3.9,0.96,2.91,100.58,3155,100.58,112.8,136.88,50.3
01/08/2019,7207.2,552.69,8257,0.5,0.28,108.3,3.8,8616,3.3,3.8,0.98,3.16,100.58,3155,100.58,112.1,136.88,49.7
01/09/2019,7408.2,552.69,8257,0.5,0.09,108.4,3.8,8606,4.1,3.8,1.0,3.48,100.58,3155,100.58,111.3,136.88,48.8
01/10/2019,7248.4,568.91,8286,0.0,-0.09,108.3,3.8,8506,2.4,3.8,1.07,3.09,99.9,20303,99.9,111.2,136.32,50.0
01/11/2019,7346.5,568.91,8286,0.0,0.18,108.5,3.8,8478,3.2,3.8,1.06,3.11,99.9,20303,99.9,109.9,136.32,49.3
01/12/2019,7542.4,568.91,8286,0.0,0.0,108.5,3.9,8431,2.5,3.9,0.92,2.83,99.9,20303,99.9,111.3,136.32,49.3
01/01/2020,7286.0,556.45,8064,-2.8,-0.18,108.3,4.0,8370,2.8,4.0,1.0,3.05,99.12,6400,99.12,112.3,136.09,53.3
01/02/2020,6580.6,556.45,8064,-2.8,0.28,108.6,4.0,8457,2.7,4.0,0.96,3.01,99.12,6400,99.12,111.9,136.09,53.0
01/03/2020,5672.0,556.45,8064,-2.8,0.0,108.6,4.0,8583,1.9,4.0,1.04,3.2,99.12,6400,99.12,108.0,136.09,36.0
01/04/2020,5901.2,474.85,6842,-19.5,0.0,108.6,4.1,8628,-1.3,4.1,0.96,2.63,78.9,20112,78.9,89.3,136.21,13.8
01/05/2020,6076.6,474.85,6842,-19.5,0.0,108.6,4.1,8641,-1.2,4.1,0.82,1.05,78.9,20112,78.9,98.9,136.21,30.0
01/06/2020,6169.7,474.85,6842,-19.5,0.18,108.8,4.3,8604,-1.5,4.3,0.69,1.32,78.9,20112,78.9,111.2,136.21,47.7
01/07/2020,5897.8,530.61,7941,16.9,0.37,109.2,4.5,8625,-0.2,4.5,0.5,1.79,94.12,2553,94.12,114.0,140.46,57.0
01/08/2020,5963.6,530.61,7941,16.9,-0.37,108.8,4.8,8662,2.0,4.8,0.44,1.64,94.12,2553,94.12,114.8,140.46,59.1
01/09/2020,5866.1,530.61,7941,16.9,0.37,109.2,5.0,8602,2.7,5.0,0.41,1.71,94.12,2553,94.12,115.9,140.46,56.5
01/10/2020,5577.3,530.61,7941,16.9,0.0,109.2,5.1,8592,3.8,5.1,0.47,1.77,94.12,2553,94.12,117.0,140.46,52.1
