,year,semester,week,day,time_of_day,room_name,class_type,joint,status,degree,enrollment,attendance
1,2017,2,9,4,1,1,1,0,1,1,452,95
2,2017,2,3,3,1,1,1,0,1,1,447,136
3,2017,2,9,4,2,1,1,0,1,1,419,93
4,2017,2,3,2,1,1,1,0,1,1,381,181
5,2017,2,3,2,3,1,1,0,1,1,459,182
6,2017,2,10,4,2,1,1,0,1,1,419,87
7,2017,2,10,5,1,1,1,0,1,1,419,57
8,2017,2,9,2,3,1,1,0,1,1,459,103
9,2017,2,3,2,1,1,1,0,1,1,452,59
10,2017,2,5,3,3,1,1,0,0,1,385,89
11,2017,2,4,4,3,1,1,0,0,1,385,73
12,2017,2,5,3,1,1,1,0,1,1,447,118
13,2017,2,5,3,4,1,1,0,1,2,62,54
14,2017,2,3,3,3,1,1,0,1,1,381,79
15,2017,2,3,4,2,1,1,0,1,1,419,163
16,2017,2,3,4,2,1,1,0,1,1,354,176
17,2017,2,12,3,3,1,1,0,1,1,381,58
18,2017,2,12,3,1,1,1,0,1,1,447,48
19,2017,2,5,3,3,1,1,0,1,1,381,180
20,2017,2,5,3,2,1,1,0,1,1,403,109
21,2017,2,5,2,2,1,1,0,1,1,366,153
22,2017,2,10,3,1,1,1,0,1,1,447,70
23,2017,2,10,3,2,1,1,0,1,1,457,127
24,2017,2,3,3,2,1,1,0,1,1,386,132
25,2017,2,5,1,4,1,1,0,1,2,42,42
26,2017,2,5,1,2,1,1,0,1,1,403,95
27,2017,2,5,2,3,1,1,0,1,1,459,166
28,2017,2,5,2,1,1,1,0,1,1,452,168
29,2017,2,13,1,2,1,1,0,1,1,424,145
30,2017,2,10,3,1,1,1,0,1,1,409,105
31,2017,2,3,3,2,1,1,0,1,1,457,158
32,2017,2,3,3,1,1,1,0,1,1,409,180
33,2017,2,7,1,1,1,1,0,1,1,457,177
34,2017,2,10,5,2,1,1,0,1,1,386,89
35,2017,2,9,4,2,1,1,0,1,1,447,95
36,2017,2,12,1,2,1,1,0,1,1,403,67
37,2017,2,11,1,1,1,1,0,1,1,457,97
38,2017,2,4,1,1,1,1,0,1,1,419,183
39,2017,2,5,3,2,1,1,0,1,1,386,157
40,2017,2,2,4,2,1,1,0,1,1,354,134
41,2017,2,2,4,1,1,1,0,1,1,409,197
42,2017,2,4,4,1,1,1,0,0,1,271,65
43,2017,2,9,2,2,1,1,0,1,1,366,118
44,2017,2,2,4,3,1,1,0,0,1,385,82
45,2017,2,6,5,2,1,1,0,1,1,386,61
46,2017,2,8,4,1,1,1,0,0,1,271,71
47,2017,2,8,4,3,1,1,0,0,1,385,50
48,2017,2,3,2,2,1,1,0,1,1,366,169
49,2017,2,6,4,1,1,1,0,0,1,271,72
50,2017,2,3,4,1,1,1,0,1,1,452,202
51,2017,2,3,3,3,1,1,0,0,1,385,115
52,2017,2,2,4,1,1,1,0,1,1,452,228
53,2017,2,10,4,1,1,1,0,1,1,409,62
54,2017,2,4,4,2,1,1,0,1,1,447,142
55,2017,2,11,1,3,1,1,0,1,2,320,99
56,2017,2,4,5,2,1,1,0,1,1,386,107
57,2017,2,2,4,2,1,1,0,1,1,447,183
58,2017,2,11,1,2,1,1,0,1,1,424,143
59,2017,2,12,4,2,1,1,0,1,1,354,97
60,2017,2,12,2,3,1,1,0,1,1,459,104
61,2017,2,10,4,3,1,1,1,0,1,304,56
62,2017,2,10,4,2,1,1,0,1,1,447,101
63,2017,2,12,2,1,1,1,0,1,1,452,63
64,2017,2,5,3,2,1,1,0,1,1,457,135
65,2017,2,3,3,2,1,1,0,1,1,403,145
66,2017,2,2,4,3,1,1,1,0,1,304,104
67,2017,2,9,4,1,1,1,0,1,1,409,71
68,2017,2,6,5,1,1,1,0,1,1,291,84
69,2017,2,2,4,1,1,1,0,0,1,271,108
70,2017,2,4,4,1,1,1,0,1,1,452,112
71,2017,2,7,1,3,1,1,0,1,2,320,158
72,2017,2,7,1,3,1,1,1,1,1,447,48
73,2017,2,12,4,2,1,1,0,1,1,419,71
74,2017,2,5,1,1,1,1,0,1,1,457,162
75,2017,2,6,4,2,1,1,0,1,1,447,115
76,2017,2,10,2,1,1,1,0,1,1,381,128
77,2017,2,9,3,2,1,1,0,1,1,403,105
78,2017,2,9,4,3,1,1,1,0,1,304,65
79,2017,2,4,5,1,1,1,0,1,1,419,110
80,2017,2,4,4,1,1,1,0,1,1,409,160
81,2017,2,9,5,1,1,1,0,1,1,419,62
82,2017,2,11,1,1,1,1,0,1,1,419,113
83,2017,2,5,1,3,1,1,1,1,1,447,77
84,2017,2,2,3,3,1,1,0,0,1,385,86
85,2017,2,9,5,1,1,1,0,1,1,291,78
86,2017,2,7,3,2,1,1,0,1,1,403,101
87,2017,2,10,5,1,1,1,0,1,1,291,87
88,2017,2,12,3,2,1,1,0,1,1,457,77
89,2017,2,12,3,2,1,1,0,1,1,403,73
90,2017,2,6,5,2,1,1,1,1,1,455,168
91,2017,2,9,3,3,1,1,0,0,1,385,95
92,2017,2,5,1,2,1,1,0,1,1,424,189
93,2017,2,1,1,3,1,1,0,1,2,320,116
94,2017,2,5,1,3,1,1,0,1,2,320,178
95,2017,2,6,5,1,1,1,0,1,1,419,66
96,2017,2,2,3,2,1,1,0,1,1,403,159
97,2017,2,9,5,2,1,1,0,1,1,386,66
98,2017,2,5,4,2,1,1,0,1,1,419,106
99,2017,2,2,4,2,1,1,0,1,1,419,177
100,2017,2,7,4,1,1,1,0,0,1,271,66
101,2017,2,10,4,2,1,1,0,1,1,354,105
102,2017,2,4,4,3,1,1,1,0,1,304,97
103,2017,2,1,4,3,1,1,0,0,1,385,97
104,2017,2,4,4,2,1,1,0,1,1,354,140
105,2017,2,1,1,2,1,1,0,1,1,424,170
106,2017,2,7,1,2,1,1,0,1,1,424,163
107,2017,2,8,5,1,1,1,0,1,1,291,178
108,2017,2,12,4,1,1,1,0,1,1,452,71
109,2017,2,4,5,1,1,1,0,1,1,291,121
110,2017,2,9,2,1,1,1,0,1,1,381,128
111,2017,2,7,4,2,1,1,0,1,1,447,112
112,2017,2,8,4,2,1,1,0,1,1,354,129
113,2017,2,1,2,1,1,1,0,1,1,381,183
114,2017,2,1,1,1,1,1,0,1,1,419,131
115,2017,2,2,3,1,1,1,0,1,1,409,216
116,2017,2,1,4,1,1,1,0,0,1,271,82
117,2017,2,6,4,1,1,1,0,1,1,452,165
118,2017,2,7,4,2,1,1,0,1,1,354,130
119,2017,2,12,4,1,1,1,0,1,1,409,57
120,2017,2,7,1,2,1,1,0,1,1,403,141
121,2017,2,12,2,1,1,1,0,1,1,381,120
122,2017,2,9,3,1,1,1,0,1,1,447,73
123,2017,2,10,3,2,1,1,0,1,1,403,73
124,2017,2,9,2,1,1,1,0,1,1,452,73
125,2017,2,10,3,3,1,1,0,0,1,385,74
126,2017,2,1,4,1,1,1,0,1,1,452,134
127,2017,2,8,4,2,1,1,0,1,1,419,110
128,2017,2,4,1,3,1,1,1,1,1,447,79
129,2017,2,2,3,3,1,1,0,1,1,381,111
130,2017,2,4,3,1,1,1,0,1,1,409,165
131,2017,2,6,4,1,1,1,0,1,1,409,214
132,2017,2,10,3,2,1,1,0,1,1,386,95
133,2017,2,4,1,2,1,1,0,1,1,424,167
134,2017,2,5,2,1,1,1,0,1,1,381,168
135,2017,2,3,5,1,1,1,0,1,1,419,115
136,2017,2,6,1,1,1,1,0,1,1,419,120
137,2017,2,9,3,3,1,1,0,1,1,381,52
138,2017,2,2,2,1,1,1,0,1,1,452,213
139,2017,2,1,3,3,1,1,0,0,1,385,85
140,2017,2,4,1,1,1,1,0,1,1,457,113
141,2017,2,2,3,1,1,1,0,1,1,447,188
142,2017,2,9,5,2,1,1,1,1,1,455,119
143,2017,2,12,3,1,1,1,0,1,1,409,246
144,2017,2,5,3,1,1,1,0,1,1,409,157
145,2017,2,7,4,1,1,1,0,1,1,452,51
146,2017,2,7,4,3,1,1,1,0,1,304,154
147,2017,2,5,4,1,1,1,0,1,1,452,135
148,2017,2,9,3,1,1,1,0,1,1,409,102
149,2017,2,3,5,2,1,1,0,1,1,386,92
150,2017,2,1,3,2,1,1,0,1,1,403,145
151,2017,2,4,2,2,1,1,0,1,1,366,123
152,2017,2,4,2,3,1,1,0,1,1,459,158
153,2017,2,6,4,3,1,1,1,0,1,304,70
154,2017,2,12,2,2,1,1,0,1,1,366,133
155,2017,2,10,4,1,1,1,0,0,1,271,48
156,2017,2,4,1,3,1,1,0,1,2,320,118
157,2017,2,12,4,3,1,1,1,0,1,304,124
158,2017,2,5,4,2,1,1,0,1,1,354,123
159,2017,2,7,4,1,1,1,0,1,1,409,117
160,2017,2,3,4,1,1,1,0,1,1,409,181
161,2017,2,2,2,3,1,1,0,1,1,459,215
162,2017,2,6,1,2,1,1,0,1,1,424,181
163,2017,2,11,4,2,1,1,0,1,1,447,100
164,2017,2,8,5,1,1,1,0,1,1,419,170
165,2017,2,8,4,3,1,1,1,0,1,304,126
166,2017,2,8,4,2,1,1,0,1,1,447,108
167,2017,2,9,3,2,1,1,0,1,1,386,93
168,2017,2,11,1,2,1,1,0,1,1,403,67
169,2017,2,9,1,2,1,1,0,1,1,403,91
170,2017,2,1,3,3,1,1,0,1,1,381,117
171,2017,2,12,4,2,1,1,0,1,1,447,77
172,2017,2,1,3,1,1,1,0,1,1,447,194
173,2017,2,9,3,2,1,1,0,1,1,457,121
174,2017,2,1,4,2,1,1,0,1,1,419,165
175,2017,2,6,1,3,1,1,0,1,2,320,127
176,2017,2,4,3,2,1,1,0,1,1,386,147
177,2017,2,7,1,1,1,1,0,1,1,419,137
178,2017,2,8,5,2,1,1,0,1,1,386,190
179,2017,2,10,2,3,1,1,0,1,1,459,93
180,2017,2,7,2,1,1,1,0,1,1,452,141
181,2017,2,1,3,2,1,1,0,1,1,457,165
182,2017,2,1,3,1,1,1,0,1,1,409,212
183,2017,2,1,1,2,1,1,0,1,1,403,130
184,2017,2,11,2,2,1,1,0,1,1,366,133
185,2017,2,12,4,1,1,1,0,0,1,271,52
186,2017,2,1,4,2,1,1,0,1,1,354,147
187,2017,2,1,4,1,1,1,0,1,1,409,170
188,2017,2,4,3,2,1,1,0,1,1,457,131
189,2017,2,1,4,2,1,1,0,1,1,447,167
190,2017,2,8,5,2,1,1,1,1,1,455,149
191,2017,2,7,2,1,1,1,0,1,1,381,159
192,2017,2,1,3,2,1,1,0,1,1,386,136
193,2017,2,1,1,1,1,1,0,1,1,457,201
194,2017,2,1,5,1,1,1,0,1,1,419,144
195,2017,2,1,5,2,1,1,0,1,1,386,102
196,2017,2,5,4,1,1,1,0,1,1,409,161
197,2017,2,8,1,1,1,1,0,1,1,419,124
198,2017,2,1,4,3,1,1,1,0,1,304,129
199,2017,2,5,1,1,1,1,0,1,1,419,137
200,2017,2,7,3,4,1,1,0,1,2,62,54
201,2017,2,7,3,3,1,1,0,0,1,385,83
202,2017,2,7,4,2,1,1,0,1,1,419,95
203,2017,2,6,2,1,1,1,0,1,1,381,158
204,2017,2,9,1,3,1,1,0,1,2,320,84
205,2017,2,12,3,2,1,1,0,1,1,386,55
206,2017,2,2,3,2,1,1,0,1,1,386,150
207,2017,2,2,3,2,1,1,0,1,1,457,204
208,2017,2,8,1,2,1,1,0,1,1,424,143
209,2017,2,1,2,1,1,1,0,1,1,452,223
210,2017,2,10,2,2,1,1,0,1,1,366,119
211,2017,2,4,2,1,1,1,0,1,1,381,168
212,2017,2,7,2,3,1,1,0,1,1,459,104
213,2017,2,1,1,3,1,1,1,1,1,447,154
214,2017,2,2,1,2,1,1,0,1,1,424,238
215,2017,2,2,1,3,1,1,0,1,2,320,174
216,2017,2,2,1,3,1,1,1,1,1,447,119
217,2017,2,1,2,3,1,1,0,1,1,459,216
218,2017,2,5,5,1,1,1,0,1,1,419,97
219,2017,2,4,4,2,1,1,0,1,1,419,151
220,2017,2,8,4,1,1,1,0,1,1,409,97
221,2017,2,6,4,2,1,1,0,1,1,354,137
222,2017,2,12,1,3,1,1,1,1,1,447,53
223,2017,2,6,2,1,1,1,0,1,1,452,167
224,2017,2,6,3,2,1,1,0,1,1,457,148
225,2017,2,9,1,2,1,1,0,1,1,424,141
226,2017,2,8,3,3,1,1,0,1,1,381,61
227,2017,2,9,1,3,1,1,1,1,1,447,59
228,2017,2,6,3,3,1,1,0,0,1,385,67
229,2017,2,3,4,3,1,1,1,0,1,304,117
230,2017,2,11,4,1,1,1,0,1,1,409,62
231,2017,2,5,5,2,1,1,0,1,1,386,96
232,2017,2,5,5,2,1,1,1,1,1,455,193
233,2017,2,7,3,1,1,1,0,1,1,447,91
234,2017,2,4,3,1,1,1,0,1,1,447,115
235,2017,2,11,5,1,1,1,0,1,1,291,58
236,2017,2,12,1,1,1,1,0,1,1,457,87
237,2017,2,8,3,1,1,1,0,1,1,409,105
238,2017,2,8,1,2,1,1,0,1,1,403,93
239,2017,2,4,3,3,1,1,0,0,1,385,102
240,2017,2,9,1,1,1,1,0,1,1,457,101
241,2017,2,8,3,3,1,1,0,0,1,385,104
242,2017,2,6,3,2,1,1,0,1,1,403,90
243,2017,2,11,2,1,1,1,0,1,1,452,60
244,2017,2,11,4,3,1,1,1,0,1,304,84
245,2017,2,2,2,3,1,2,0,1,1,55,55
246,2017,2,4,3,3,1,1,0,1,1,381,95
247,2017,2,6,4,2,1,1,0,1,1,419,70
248,2017,2,6,2,3,1,1,0,1,1,459,133
249,2017,2,7,2,2,1,1,0,1,1,366,135
250,2017,2,9,1,1,1,1,0,1,1,419,139
251,2017,2,11,3,2,1,1,0,1,1,403,61
252,2017,2,4,3,2,1,1,0,1,1,403,95
253,2017,2,6,3,1,1,1,0,1,1,409,138
254,2017,2,11,2,3,1,1,0,1,1,459,100
255,2017,2,1,5,1,1,1,0,1,1,291,136
256,2017,2,6,1,3,1,1,1,1,1,447,68
257,2017,2,8,5,2,1,1,0,1,1,386,190
258,2017,2,8,3,2,1,1,0,1,1,386,123
259,2017,2,7,3,3,1,1,0,1,1,381,63
260,2017,2,12,1,3,1,1,0,1,2,320,123
261,2017,2,8,3,2,1,1,0,1,1,457,132
262,2017,2,6,2,2,1,1,0,1,1,366,153
263,2017,2,6,3,2,1,1,0,1,1,386,103
264,2017,2,11,3,3,1,1,0,0,1,385,48
265,2017,2,2,2,2,1,1,0,1,1,366,165
266,2017,2,1,2,2,1,1,0,1,1,366,160
267,2017,2,11,5,1,1,1,0,1,1,419,51
268,2017,2,6,1,1,1,1,0,1,1,457,151
269,2017,2,2,2,1,1,1,0,1,1,381,207
270,2017,2,4,1,2,1,1,0,1,1,403,110
271,2017,2,6,1,2,1,1,0,1,1,403,78
272,2017,2,5,5,1,1,1,0,1,1,291,104
273,2017,2,5,4,1,1,1,0,0,1,271,58
274,2017,2,5,4,3,1,1,0,0,1,385,50
275,2017,2,2,1,1,1,1,0,1,1,419,207
276,2017,2,6,3,3,1,1,0,1,1,381,84
277,2017,2,1,5,2,1,1,1,1,1,455,266
278,2017,2,12,5,2,1,1,0,1,1,386,61
279,2017,2,11,3,2,1,1,0,1,1,386,109
280,2017,2,12,1,2,1,1,0,1,1,424,122
281,2017,2,5,4,2,1,1,0,1,1,447,140
282,2017,2,8,4,1,1,1,0,1,1,452,106
283,2017,2,7,3,1,1,1,0,1,1,409,105
284,2017,2,3,5,1,1,1,0,1,1,291,134
285,2017,2,8,2,2,1,1,0,1,1,366,126
286,2017,2,8,1,1,1,1,0,1,1,457,134
287,2017,2,4,2,1,1,1,0,1,1,452,86
288,2017,2,8,3,1,1,1,0,1,1,447,84
289,2017,2,8,3,4,1,1,0,1,2,62,55
290,2017,2,11,4,2,1,1,0,1,1,419,81
291,2017,2,11,4,2,1,1,0,1,1,354,83
292,2017,2,5,4,3,1,1,1,0,1,304,87
293,2017,2,7,3,2,1,1,0,1,1,386,107
294,2017,2,3,4,1,1,1,0,0,1,271,69
295,2017,2,3,4,3,1,1,0,0,1,385,63
296,2017,2,11,3,1,1,1,0,1,1,409,80
297,2017,2,12,5,1,1,1,0,1,1,291,72
298,2017,2,11,3,4,1,1,0,1,2,62,50
299,2017,2,8,1,3,1,1,0,1,2,320,144
300,2017,2,8,3,2,1,1,0,1,1,403,113
301,2017,2,8,2,1,1,1,0,1,1,381,143
302,2017,2,3,4,2,1,1,0,1,1,447,184
303,2017,2,6,3,1,1,1,0,1,1,447,78
304,2017,2,11,5,2,1,1,0,1,1,386,89
305,2017,2,12,1,1,1,1,0,1,1,419,107
306,2017,2,2,1,2,1,1,0,1,1,403,118
307,2017,2,8,2,1,1,1,0,1,1,452,99
308,2017,2,7,3,2,1,1,0,1,1,457,156
309,2017,2,11,3,1,1,1,0,1,1,447,58
310,2017,2,3,5,2,1,1,1,1,1,455,227
311,2017,2,11,3,3,1,1,0,1,1,381,57
312,2017,2,11,3,2,1,1,0,1,1,457,106
313,2017,2,11,4,1,1,1,0,1,1,452,77
314,2017,2,11,2,1,1,1,0,1,1,381,112
315,2017,2,8,1,3,1,1,1,1,1,447,60
316,2017,2,8,2,3,1,1,0,1,1,459,121
317,2017,2,2,1,1,1,1,0,1,1,457,193
318,2017,2,3,3,1,2,1,0,1,1,122,73
319,2017,2,3,3,2,2,1,0,1,1,219,111
320,2017,2,5,3,3,2,1,0,1,1,185,100
321,2017,2,10,3,3,2,1,0,1,1,99,53
322,2017,2,9,3,3,2,1,0,1,1,185,159
323,2017,2,5,3,1,2,1,0,1,1,134,28
324,2017,2,12,3,3,2,1,0,1,1,99,53
325,2017,2,2,5,2,2,1,0,0,1,128,52
326,2017,2,12,3,2,2,1,0,1,1,219,60
327,2017,2,5,3,2,2,1,0,1,1,88,49
328,2017,2,7,4,1,2,1,0,1,1,115,33
329,2017,2,10,3,3,2,1,0,1,1,185,64
330,2017,2,10,3,2,2,1,0,1,1,219,82
331,2017,2,1,1,1,2,1,0,1,1,222,125
332,2017,2,9,3,2,2,1,0,1,1,219,70
333,2017,2,2,4,3,2,1,1,1,1,183,105
334,2017,2,3,3,3,2,1,0,1,1,99,91
335,2017,2,9,5,3,2,1,0,1,1,185,50
336,2017,2,3,3,1,2,1,0,1,1,134,34
337,2017,2,9,3,2,2,1,0,1,1,88,40
338,2017,2,2,5,1,2,1,0,1,1,188,69
339,2017,2,2,5,1,2,1,0,1,1,151,91
340,2017,2,2,5,3,2,1,0,1,1,185,101
341,2017,2,10,3,2,2,1,0,1,1,88,42
342,2017,2,9,1,1,2,1,0,1,1,222,70
343,2017,2,10,3,1,2,1,0,1,1,122,49
344,2017,2,2,5,2,2,1,0,1,1,94,93
345,2017,2,12,3,1,2,1,0,1,1,122,47
346,2017,2,13,1,1,2,1,0,1,1,222,25
347,2017,2,9,3,1,2,1,0,1,1,122,55
348,2017,2,2,4,2,2,1,0,1,1,197,142
349,2017,2,12,3,2,2,1,0,1,1,88,36
350,2017,2,5,2,1,2,1,1,2,1,214,178
351,2017,2,6,4,2,2,1,0,1,1,81,28
352,2017,2,3,2,3,2,1,0,1,1,167,81
353,2017,2,3,2,1,2,1,1,2,1,214,174
354,2017,2,6,4,4,2,1,1,1,2,126,78
355,2017,2,4,4,2,2,1,0,1,1,81,36
356,2017,2,4,4,4,2,1,1,1,2,126,77
357,2017,2,2,3,3,2,1,0,1,1,99,99
358,2017,2,7,3,1,2,1,0,1,1,122,49
359,2017,2,3,3,3,2,1,0,1,1,185,127
360,2017,2,3,3,2,2,1,0,1,1,88,57
361,2017,2,5,2,4,2,1,0,1,2,234,102
362,2017,2,5,1,1,2,1,0,1,1,222,103
363,2017,2,6,4,1,2,1,0,1,1,115,40
364,2017,2,4,5,1,2,1,0,1,1,151,80
365,2017,2,3,1,1,2,1,0,1,1,222,127
366,2017,2,9,2,1,2,1,1,2,1,214,124
367,2017,2,8,4,2,2,1,0,1,1,81,69
368,2017,2,12,2,1,2,1,1,2,1,214,80
369,2017,2,12,1,1,2,1,0,1,1,222,43
370,2017,2,5,3,2,2,1,0,1,1,219,109
371,2017,2,13,4,4,2,1,1,1,2,126,49
372,2017,2,5,2,3,2,1,0,1,1,167,43
373,2017,2,2,4,1,2,1,0,1,1,115,80
374,2017,2,5,1,3,2,1,1,1,1,183,112
375,2017,2,9,5,1,2,1,0,1,1,151,49
376,2017,2,10,5,1,2,1,0,1,1,151,60
377,2017,2,3,1,2,2,1,0,1,1,173,133
378,2017,2,7,1,1,2,1,0,1,1,222,71
379,2017,2,4,4,1,2,1,0,1,1,115,51
380,2017,2,7,1,2,2,1,0,1,1,173,106
381,2017,2,2,3,1,2,1,0,1,1,122,96
382,2017,2,8,4,4,2,1,1,1,2,126,65
383,2017,2,13,4,2,2,1,0,1,1,197,119
384,2017,2,1,3,2,2,1,0,1,1,88,75
385,2017,2,10,5,3,2,1,0,1,1,185,52
386,2017,2,5,1,4,2,1,0,1,2,95,81
387,2017,2,8,4,3,2,1,1,1,1,183,55
388,2017,2,6,4,2,2,1,0,1,1,197,84
389,2017,2,5,1,2,2,1,0,1,1,173,70
390,2017,2,4,5,2,2,1,0,0,1,128,37
391,2017,2,3,2,4,2,1,0,1,2,234,181
392,2017,2,1,1,2,2,1,0,1,1,173,136
393,2017,2,7,3,3,2,1,0,1,1,99,25
394,2017,2,1,1,4,2,1,0,1,2,95,74
395,2017,2,9,1,4,2,1,0,1,2,95,46
396,2017,2,2,3,2,2,1,0,1,1,219,140
397,2017,2,9,3,3,2,1,0,1,1,99,99
398,2017,2,6,5,1,2,1,0,1,1,151,76
399,2017,2,6,5,1,2,1,0,1,1,188,25
400,2017,2,8,4,2,2,1,0,1,1,197,61
401,2017,2,6,4,3,2,1,1,1,1,183,51
402,2017,2,7,2,4,2,1,0,1,2,234,127
403,2017,2,10,2,1,2,1,1,2,1,214,104
404,2017,2,3,1,4,2,1,0,1,2,95,81
405,2017,2,4,5,2,2,1,0,1,1,94,89
406,2017,2,11,1,3,2,1,1,1,1,183,78
407,2017,2,10,5,2,2,1,0,1,1,94,80
408,2017,2,4,4,3,2,1,1,1,1,183,70
409,2017,2,3,1,1,2,1,1,1,2,109,61
410,2017,2,1,3,1,2,1,0,1,1,122,79
411,2017,2,7,3,2,2,1,0,1,1,88,38
412,2017,2,5,3,1,2,1,0,1,1,122,72
413,2017,2,8,4,1,2,1,0,1,1,115,32
414,2017,2,4,4,2,2,1,0,1,1,197,127
415,2017,2,7,1,4,2,1,0,1,2,95,91
416,2017,2,9,4,1,2,1,0,1,1,115,27
417,2017,2,8,3,3,2,1,0,1,1,185,86
418,2017,2,6,3,2,2,1,0,1,1,88,30
419,2017,2,1,3,2,2,1,0,1,1,219,141
420,2017,2,1,3,3,2,1,0,1,1,185,118
421,2017,2,6,5,3,2,1,0,1,1,185,65
422,2017,2,11,4,4,2,1,1,1,2,126,107
423,2017,2,10,2,4,2,1,0,1,2,234,58
424,2017,2,3,1,3,2,1,1,1,1,183,143
425,2017,2,9,4,3,2,1,1,1,1,183,35
426,2017,2,7,1,3,2,1,1,1,1,183,90
427,2017,2,9,5,2,2,1,0,1,1,94,80
428,2017,2,7,2,1,2,1,1,2,1,214,160
429,2017,2,4,3,3,2,1,0,1,1,185,95
430,2017,2,12,2,4,2,1,0,1,2,234,131
431,2017,2,11,1,1,2,1,1,1,2,109,41
432,2017,2,6,3,3,2,1,0,1,1,185,157
433,2017,2,11,2,3,2,1,0,1,1,167,34
434,2017,2,1,3,1,2,1,0,1,1,134,81
435,2017,2,6,3,3,2,1,0,1,1,99,65
436,2017,2,2,3,1,2,1,0,1,1,134,47
437,2017,2,6,2,3,2,1,0,1,1,167,41
438,2017,2,4,5,1,2,1,0,1,1,188,52
439,2017,2,4,3,1,2,1,0,1,1,134,38
440,2017,2,2,4,4,2,1,1,1,2,126,108
441,2017,2,6,5,2,2,1,0,0,1,128,27
442,2017,2,10,4,3,2,1,1,1,1,183,46
443,2017,2,11,3,3,2,1,0,1,1,99,41
444,2017,2,2,1,1,2,1,1,1,2,109,71
445,2017,2,11,2,4,2,1,0,1,2,234,112
446,2017,2,11,2,1,2,1,1,2,1,214,115
447,2017,2,2,3,2,2,1,0,1,1,88,72
448,2017,2,12,1,1,2,1,1,1,2,109,52
449,2017,2,6,2,4,2,1,0,1,2,234,136
450,2017,2,4,3,2,2,1,0,1,1,88,53
451,2017,2,1,1,3,2,1,1,1,1,183,130
452,2017,2,8,1,1,2,1,0,1,1,222,73
453,2017,2,8,2,1,2,1,1,2,1,214,141
454,2017,2,6,2,1,2,1,1,2,1,214,180
455,2017,2,9,1,3,2,1,1,1,1,183,85
456,2017,2,10,4,2,2,1,0,1,1,197,65
457,2017,2,12,4,3,2,1,1,1,1,183,40
458,2017,2,2,1,3,2,1,1,1,1,183,160
459,2017,2,11,4,1,2,1,0,1,1,115,29
460,2017,2,8,5,3,2,1,0,1,1,185,55
461,2017,2,10,2,3,2,1,0,1,1,167,26
462,2017,2,1,4,2,2,1,0,1,1,81,41
463,2017,2,8,1,2,2,1,0,1,1,173,123
464,2017,2,12,1,4,2,1,0,1,2,95,54
465,2017,2,7,1,1,2,1,1,1,2,109,48
466,2017,2,8,5,2,2,1,0,1,1,94,85
467,2017,2,11,3,2,2,1,0,1,1,219,68
468,2017,2,8,3,2,2,1,0,1,1,88,41
469,2017,2,1,5,3,2,1,0,1,1,185,87
470,2017,2,11,1,4,2,1,0,1,2,95,54
471,2017,2,3,5,3,2,1,0,1,1,185,83
472,2017,2,1,2,1,2,1,1,2,1,214,149
473,2017,2,13,3,3,2,1,0,1,1,99,92
474,2017,2,4,1,1,2,1,0,1,1,222,112
475,2017,2,8,1,4,2,1,0,1,2,95,68
476,2017,2,4,5,3,2,1,0,1,1,185,82
477,2017,2,4,2,1,2,1,1,2,1,214,149
478,2017,2,6,1,2,2,1,0,1,1,173,100
479,2017,2,6,1,1,2,1,0,1,1,222,62
480,2017,2,9,1,1,2,1,1,1,2,109,39
481,2017,2,12,1,2,2,1,0,1,1,173,111
482,2017,2,1,5,1,2,1,0,1,1,188,55
483,2017,2,4,3,1,2,1,0,1,1,122,70
484,2017,2,3,4,3,2,1,1,1,1,183,105
485,2017,2,6,1,1,2,1,1,1,2,109,109
486,2017,2,8,5,1,2,1,0,1,1,188,72
487,2017,2,12,1,3,2,1,1,1,1,183,68
488,2017,2,4,2,4,2,1,0,1,2,234,181
489,2017,2,5,1,1,2,1,1,1,2,109,50
490,2017,2,1,4,1,2,1,0,1,1,115,72
491,2017,2,7,2,3,2,1,0,1,1,167,37
492,2017,2,11,3,1,2,1,0,1,1,122,55
493,2017,2,2,4,2,2,1,0,1,1,81,52
494,2017,2,9,4,2,2,1,0,1,1,81,27
495,2017,2,4,3,3,2,1,0,1,1,99,79
496,2017,2,6,3,2,2,1,0,1,1,219,107
497,2017,2,11,4,2,2,1,0,1,1,197,70
498,2017,2,5,5,1,2,1,0,1,1,151,84
499,2017,2,1,4,2,2,1,0,1,1,197,155
500,2017,2,8,1,3,2,1,1,1,1,183,88
501,2017,2,8,2,3,2,1,0,1,1,167,35
502,2017,2,5,4,2,2,1,0,1,1,81,32
503,2017,2,7,3,3,2,1,0,1,1,185,77
504,2017,2,8,5,2,2,1,0,0,1,128,40
505,2017,2,11,5,2,2,1,0,1,1,94,75
506,2017,2,12,5,3,2,1,0,1,1,185,90
507,2017,2,3,5,1,2,1,0,1,1,188,45
508,2017,2,6,3,1,2,1,0,1,1,122,61
509,2017,2,11,4,3,2,1,1,1,1,183,68
510,2017,2,4,1,2,2,1,0,1,1,173,125
511,2017,2,11,5,1,2,1,0,1,1,188,28
512,2017,2,4,1,4,2,1,0,1,2,95,73
513,2017,2,11,5,1,2,1,0,1,1,151,53
514,2017,2,5,5,2,2,1,0,0,1,128,39
515,2017,2,5,5,2,2,1,0,1,1,94,75
516,2017,2,8,2,4,2,1,0,1,2,234,121
517,2017,2,1,1,1,2,1,1,1,2,109,53
518,2017,2,11,3,2,2,1,0,1,1,88,46
519,2017,2,1,5,1,2,1,0,1,1,151,97
520,2017,2,1,5,2,2,1,0,0,1,128,42
521,2017,2,3,5,1,2,1,0,1,1,151,93
522,2017,2,4,2,3,2,1,0,1,1,167,58
523,2017,2,1,4,3,2,1,1,1,1,183,80
524,2017,2,5,5,1,2,1,0,1,1,188,44
525,2017,2,12,5,2,2,1,0,1,1,94,94
526,2017,2,8,1,1,2,1,1,1,2,109,45
527,2017,2,2,2,3,2,1,0,1,1,167,70
528,2017,2,1,4,4,2,1,1,1,2,126,105
529,2017,2,8,5,1,2,1,0,1,1,151,120
530,2017,2,3,4,2,2,1,0,1,1,81,39
531,2017,2,2,2,1,2,1,1,2,1,214,198
532,2017,2,3,5,2,2,1,0,1,1,94,82
533,2017,2,1,2,3,2,1,0,1,1,167,73
534,2017,2,5,5,3,2,1,0,1,1,185,86
535,2017,2,6,1,4,2,1,0,1,2,95,62
536,2017,2,5,4,4,2,1,1,1,2,126,108
537,2017,2,1,5,2,2,1,0,1,1,94,81
538,2017,2,2,2,4,2,1,0,1,2,234,184
539,2017,2,2,1,1,2,1,0,1,1,222,146
540,2017,2,11,3,3,2,1,0,1,1,185,67
541,2017,2,11,1,2,2,1,0,1,1,173,77
542,2017,2,1,2,4,2,1,0,1,2,234,180
543,2017,2,5,4,3,2,1,1,1,1,183,64
544,2017,2,11,5,3,2,1,0,1,1,185,59
545,2017,2,4,1,3,2,1,1,1,1,183,141
546,2017,2,11,1,1,2,1,0,1,1,222,38
547,2017,2,5,4,2,2,1,0,1,1,197,118
548,2017,2,12,4,1,2,1,0,1,1,115,31
549,2017,2,6,1,3,2,1,1,1,1,183,103
550,2017,2,8,3,2,2,1,0,1,1,219,57
551,2017,2,3,4,2,2,1,0,1,1,197,136
552,2017,2,12,4,4,2,1,1,1,2,126,51
553,2017,2,10,4,4,2,1,1,1,2,126,46
554,2017,2,12,4,2,2,1,0,1,1,197,95
555,2017,2,2,1,4,2,1,0,1,2,95,79
556,2017,2,3,4,4,2,1,1,1,2,126,81
557,2017,2,8,3,1,2,1,0,1,1,122,75
558,2017,2,10,4,2,2,1,0,1,1,81,27
559,2017,2,4,1,1,2,1,1,1,2,109,48
560,2017,2,12,5,1,2,1,0,1,1,151,44
561,2017,2,3,3,3,3,1,0,1,1,46,46
562,2017,2,9,3,1,3,1,0,1,1,74,60
563,2017,2,3,1,2,3,1,0,1,1,23,21
564,2017,2,12,3,1,3,1,0,1,1,74,57
565,2017,2,9,1,2,3,1,0,1,1,23,17
566,2017,2,1,1,3,3,1,0,0,1,79,31
567,2017,2,5,2,2,3,1,0,1,1,40,16
568,2017,2,2,5,2,3,1,1,1,1,58,18
569,2017,2,2,5,1,3,1,1,3,1,56,29
570,2017,2,9,2,2,3,1,0,1,1,40,15
571,2017,2,1,1,2,3,1,0,1,1,23,14
572,2017,2,2,3,3,3,1,0,1,1,80,80
573,2017,2,3,1,1,3,1,0,1,1,34,34
574,2017,2,5,1,3,3,1,0,0,1,79,32
575,2017,2,3,1,3,3,1,0,0,1,79,35
576,2017,2,2,5,2,3,1,0,1,1,62,29
577,2017,2,8,4,2,3,1,0,1,1,105,67
578,2017,2,2,3,1,3,1,0,1,1,97,96
579,2017,2,2,3,1,3,1,0,0,2,45,45
580,2017,2,3,3,1,3,1,0,1,1,74,69
581,2017,2,10,3,3,3,1,0,1,1,80,79
582,2017,2,4,4,3,3,1,0,1,1,91,82
583,2017,2,1,1,1,3,1,0,1,1,34,30
584,2017,2,4,4,2,3,1,0,1,1,30,30
585,2017,2,3,2,2,3,1,0,1,1,40,23
586,2017,2,6,4,3,3,1,0,1,1,91,87
587,2017,2,10,2,2,3,1,0,1,1,40,12
588,2017,2,10,3,3,3,1,0,1,1,46,38
589,2017,2,1,1,2,3,1,0,1,1,97,88
590,2017,2,4,4,2,3,1,0,1,1,105,75
591,2017,2,5,2,1,3,1,0,1,1,52,40
592,2017,2,6,4,2,3,1,0,1,1,105,73
593,2017,2,10,3,1,3,1,0,1,1,74,58
594,2017,2,9,1,3,3,1,0,0,1,79,19
595,2017,2,6,1,2,3,1,0,1,1,23,15
596,2017,2,3,3,1,3,1,0,1,1,97,86
597,2017,2,2,3,3,3,1,0,1,1,46,46
598,2017,2,2,5,1,3,2,0,1,1,97,73
599,2017,2,9,3,3,3,1,0,1,1,46,41
600,2017,2,8,4,3,3,1,0,1,1,91,83
601,2017,2,4,2,2,3,1,0,1,1,40,18
602,2017,2,1,1,1,3,1,0,1,1,34,13
603,2017,2,12,1,3,3,1,0,0,1,79,25
604,2017,2,1,2,2,3,1,0,1,1,40,24
605,2017,2,12,3,3,3,1,0,1,1,46,31
606,2017,2,4,5,1,3,2,0,1,1,97,57
607,2017,2,4,5,1,3,1,1,3,1,56,31
608,2017,2,3,3,1,3,1,0,0,2,45,28
609,2017,2,8,4,2,3,1,0,1,1,30,28
610,2017,2,1,3,3,3,1,0,1,1,46,46
611,2017,2,6,5,1,3,2,0,1,1,97,47
612,2017,2,4,5,2,3,1,0,1,1,62,26
613,2017,2,5,3,3,3,1,0,1,1,46,46
614,2017,2,9,2,3,3,1,0,1,1,51,13
615,2017,2,1,3,1,3,1,0,1,1,74,62
616,2017,2,1,2,1,3,1,0,1,1,52,33
617,2017,2,5,1,1,3,1,0,1,1,34,34
618,2017,2,3,1,2,3,1,0,1,1,97,93
619,2017,2,6,4,2,3,1,0,1,1,30,29
620,2017,2,3,2,1,3,1,0,1,1,52,43
621,2017,2,9,5,2,3,1,0,1,1,62,13
622,2017,2,6,1,1,3,1,0,1,1,34,28
623,2017,2,6,2,1,3,1,0,1,1,52,29
624,2017,2,8,4,1,3,1,0,1,1,48,33
625,2017,2,9,2,1,3,1,0,1,1,52,28
626,2017,2,2,3,1,3,1,0,1,1,74,60
627,2017,2,1,2,3,3,1,0,1,1,51,25
628,2017,2,13,3,3,3,1,0,1,1,80,80
629,2017,2,6,3,3,3,1,0,1,1,46,42
630,2017,2,12,3,1,3,1,0,0,2,45,40
631,2017,2,4,1,1,3,1,0,1,1,34,33
632,2017,2,1,4,3,3,1,0,1,1,91,76
633,2017,2,8,5,1,3,2,0,1,1,97,94
634,2017,2,6,5,2,3,1,0,1,1,62,20
635,2017,2,12,1,1,3,1,0,1,1,34,29
636,2017,2,12,1,2,3,1,0,1,1,97,66
637,2017,2,11,3,1,3,1,0,1,1,97,88
638,2017,2,6,3,1,3,1,0,1,1,74,60
639,2017,2,2,1,1,3,1,0,1,1,34,32
640,2017,2,1,4,2,3,1,0,1,1,30,30
641,2017,2,5,1,2,3,1,0,1,1,97,84
642,2017,2,5,3,1,3,1,0,1,1,74,60
643,2017,2,12,3,3,3,1,0,1,1,80,75
644,2017,2,3,3,3,3,1,0,1,1,80,71
645,2017,2,6,1,3,3,1,0,0,1,79,76
646,2017,2,4,3,1,3,1,0,1,1,74,62
647,2017,2,8,3,1,3,1,0,1,1,74,64
648,2017,2,3,2,3,3,1,0,1,1,51,13
649,2017,2,6,1,2,3,1,0,1,1,97,95
650,2017,2,5,5,2,3,1,0,1,1,62,16
651,2017,2,5,5,1,3,1,1,3,1,56,18
652,2017,2,4,1,2,3,1,0,1,1,23,13
653,2017,2,5,5,1,3,2,0,1,1,97,54
654,2017,2,6,5,1,3,1,1,3,1,56,26
655,2017,2,4,1,3,3,1,0,0,1,79,32
656,2017,2,10,5,1,3,1,1,3,1,56,19
657,2017,2,8,1,2,3,1,0,1,1,23,18
658,2017,2,1,5,1,3,1,1,3,1,56,26
659,2017,2,1,3,1,3,1,0,0,2,45,43
660,2017,2,11,4,3,3,1,0,1,1,91,87
661,2017,2,9,1,2,3,1,0,1,1,97,63
662,2017,2,8,5,1,3,1,1,3,1,56,54
663,2017,2,3,4,3,3,1,0,1,1,91,91
664,2017,2,9,4,2,3,1,0,1,1,30,27
665,2017,2,6,2,2,3,1,0,1,1,40,18
666,2017,2,3,5,1,3,1,1,3,1,56,32
667,2017,2,4,2,1,3,1,0,1,1,52,36
668,2017,2,11,2,2,3,1,0,1,1,40,13
669,2017,2,5,4,2,3,1,0,1,1,30,30
670,2017,2,2,4,2,3,1,0,1,1,30,30
671,2017,2,12,3,1,3,1,0,1,1,97,85
672,2017,2,8,5,2,3,1,0,1,1,62,48
673,2017,2,8,1,2,3,1,0,1,1,97,69
674,2017,2,8,1,1,3,1,0,1,1,34,26
675,2017,2,5,3,1,3,1,0,1,1,97,87
676,2017,2,2,1,2,3,1,0,1,1,97,87
677,2017,2,11,5,2,3,1,0,1,1,62,12
678,2017,2,1,3,3,3,1,0,1,1,80,78
679,2017,2,5,4,2,3,1,0,1,1,105,102
680,2017,2,2,2,2,3,1,0,1,1,40,24
681,2017,2,2,4,2,3,1,0,1,1,105,88
682,2017,2,5,4,3,3,1,0,1,1,91,87
683,2017,2,3,5,2,3,1,0,1,1,62,24
684,2017,2,8,3,3,3,1,0,1,1,46,45
685,2017,2,3,5,1,3,2,0,1,1,97,54
686,2017,2,4,1,2,3,1,0,1,1,97,77
687,2017,2,1,3,1,3,1,0,1,1,97,87
688,2017,2,10,2,1,3,1,0,1,1,52,29
689,2017,2,9,3,1,3,1,0,0,2,45,30
690,2017,2,11,4,2,3,1,0,1,1,105,57
691,2017,2,11,5,1,3,2,0,1,1,97,34
692,2017,2,3,4,2,3,1,0,1,1,105,82
693,2017,2,11,3,3,3,1,0,1,1,46,34
694,2017,2,11,3,3,3,1,0,1,1,80,69
695,2017,2,12,5,1,3,1,1,3,1,56,20
696,2017,2,2,1,2,3,1,0,1,1,23,23
697,2017,2,6,3,1,3,1,0,1,1,97,83
698,2017,2,11,4,2,3,1,0,1,1,30,23
699,2017,2,2,1,3,3,1,0,0,1,79,38
700,2017,2,11,2,1,3,1,0,1,1,52,28
701,2017,2,12,5,1,3,2,0,1,1,97,48
702,2017,2,11,5,1,3,1,1,3,1,56,26
703,2017,2,1,4,2,3,1,0,1,1,105,74
704,2017,2,12,4,3,3,1,0,1,1,91,85
705,2017,2,6,3,1,3,1,0,0,2,45,45
706,2017,2,11,3,1,3,1,0,0,2,45,40
707,2017,2,11,3,1,3,1,0,1,1,74,60
708,2017,2,8,1,3,3,1,0,0,1,79,18
709,2017,2,8,2,1,3,1,0,1,1,52,37
710,2017,2,4,3,3,3,1,0,1,1,46,46
711,2017,2,3,4,2,3,1,0,1,1,30,30
712,2017,2,5,3,3,3,1,0,1,1,80,80
713,2017,2,8,3,1,3,1,0,1,1,97,89
714,2017,2,12,4,2,3,1,0,1,1,105,91
715,2017,2,11,1,3,3,1,0,0,1,79,14
716,2017,2,11,1,1,3,1,0,1,1,34,34
717,2017,2,2,4,3,3,1,0,1,1,91,91
718,2017,2,2,2,1,3,1,0,1,1,52,45
719,2017,2,6,3,3,3,1,0,1,1,80,80
720,2017,2,4,3,1,3,1,0,1,1,97,90
721,2017,2,4,3,1,3,1,0,0,2,45,42
722,2017,2,11,1,2,3,1,0,1,1,23,13
723,2017,2,8,3,1,3,1,0,0,2,45,45
724,2017,2,10,5,1,3,2,0,1,1,97,38
725,2017,2,4,3,3,3,1,0,1,1,80,80
726,2017,2,10,4,2,3,1,0,1,1,105,47
727,2017,2,9,4,2,3,1,0,1,1,105,98
728,2017,2,10,4,1,3,1,0,1,1,48,27
729,2017,2,8,3,3,3,1,0,1,1,80,77
730,2017,2,5,3,1,3,1,0,0,2,45,29
731,2017,2,9,4,1,3,1,0,1,1,48,40
732,2017,2,10,4,3,3,1,0,1,1,91,91
733,2017,2,13,5,1,3,2,0,1,1,97,14
734,2017,2,12,4,2,3,1,0,1,1,30,30
735,2017,2,11,1,2,3,1,0,1,1,97,61
736,2017,2,10,4,2,3,1,0,1,1,30,30
737,2017,2,2,3,1,4,1,0,0,1,72,24
738,2017,2,5,2,1,4,1,0,1,1,105,67
739,2017,2,3,2,1,4,1,0,1,1,105,88
740,2017,2,3,1,2,4,1,0,0,1,72,39
741,2017,2,2,3,1,4,1,0,1,1,97,45
742,2017,2,8,4,2,4,1,0,0,1,79,30
743,2017,2,3,1,3,4,1,0,1,1,97,42
744,2017,2,5,2,2,4,1,0,1,1,43,36
745,2017,2,1,1,2,4,1,0,0,1,72,30
746,2017,2,10,2,2,4,1,0,1,1,36,17
747,2017,2,6,4,2,4,1,0,1,2,74,68
748,2017,2,5,1,2,4,1,0,0,1,72,27
749,2017,2,8,4,2,4,1,0,1,2,74,69
750,2017,2,1,4,2,4,1,0,0,1,79,25
751,2017,2,6,4,1,4,1,0,1,1,61,61
752,2017,2,2,3,2,4,2,0,1,1,69,18
753,2017,2,9,2,1,4,1,0,1,1,105,53
754,2017,2,3,1,1,4,1,0,1,1,61,28
755,2017,2,10,2,1,4,1,0,1,1,105,51
756,2017,2,10,2,2,4,1,0,1,1,43,30
757,2017,2,7,4,2,4,1,0,0,1,79,27
758,2017,2,5,2,2,4,1,0,1,1,36,14
759,2017,2,5,1,3,4,1,0,1,1,97,31
760,2017,2,2,3,2,4,1,1,3,1,56,48
761,2017,2,2,3,3,4,1,0,1,1,69,31
762,2017,2,7,4,2,4,1,0,1,2,74,71
763,2017,2,1,4,2,4,1,0,1,1,69,23
764,2017,2,4,4,2,4,1,0,1,1,69,26
765,2017,2,1,1,1,4,1,0,1,1,61,42
766,2017,2,6,4,2,4,1,0,0,1,79,23
767,2017,2,3,2,2,4,1,0,1,1,43,39
768,2017,2,8,4,1,4,1,0,1,1,61,52
769,2017,2,12,2,2,4,1,0,1,1,36,13
770,2017,2,12,2,1,4,1,0,1,1,105,46
771,2017,2,1,4,2,4,1,0,1,2,74,74
772,2017,2,12,1,3,4,1,0,1,1,97,24
773,2017,2,11,4,2,4,1,0,1,2,74,57
774,2017,2,9,1,1,4,1,0,1,1,61,13
775,2017,2,7,1,2,4,1,0,0,1,72,27
776,2017,2,5,1,1,4,1,0,1,1,62,16
777,2017,2,1,1,3,4,1,0,1,1,97,28
778,2017,2,4,2,2,4,1,0,1,1,43,38
779,2017,2,7,1,1,4,1,0,1,1,61,18
780,2017,2,12,4,2,4,1,0,0,1,79,20
781,2017,2,9,2,2,4,1,0,1,1,43,29
782,2017,2,1,2,1,4,1,0,1,1,105,81
783,2017,2,10,3,2,4,1,1,3,1,56,17
784,2017,2,12,2,2,4,1,0,1,1,43,30
785,2017,2,7,1,3,4,1,0,1,1,97,17
786,2017,2,1,4,3,4,1,1,1,1,33,24
787,2017,2,7,3,2,4,1,1,3,1,56,35
788,2017,2,11,3,1,4,1,0,1,1,97,25
789,2017,2,12,1,1,4,1,0,1,1,61,14
790,2017,2,9,1,2,4,1,0,0,1,72,19
791,2017,2,5,1,1,4,1,0,1,1,61,18
792,2017,2,4,4,1,4,1,0,1,1,61,53
793,2017,2,4,4,2,4,1,0,0,1,79,40
794,2017,2,11,4,2,4,1,0,0,1,79,21
795,2017,2,4,2,2,4,1,0,1,1,36,23
796,2017,2,10,3,1,4,1,0,1,1,97,26
797,2017,2,8,2,2,4,1,0,1,1,36,15
798,2017,2,7,4,1,4,1,0,1,1,61,54
799,2017,2,8,2,1,4,1,0,1,1,105,57
800,2017,2,11,3,1,4,1,0,0,1,72,12
801,2017,2,7,3,1,4,1,0,1,1,97,30
802,2017,2,9,1,3,4,1,0,1,1,97,31
803,2017,2,10,3,3,4,1,0,1,1,39,16
804,2017,2,10,4,2,4,1,0,0,1,79,29
805,2017,2,11,2,1,4,1,0,1,1,105,55
806,2017,2,9,3,3,4,1,0,1,1,39,17
807,2017,2,4,4,2,4,1,0,1,2,74,74
808,2017,2,1,3,1,4,1,0,0,1,72,26
809,2017,2,4,3,1,4,1,0,1,1,97,38
810,2017,2,4,2,1,4,1,0,1,1,105,69
811,2017,2,7,3,3,4,1,0,1,1,39,29
812,2017,2,6,2,1,4,1,0,1,1,105,63
813,2017,2,12,1,2,4,1,0,0,1,72,16
814,2017,2,9,2,2,4,1,0,1,1,36,19
815,2017,2,5,3,1,4,1,0,0,1,72,16
816,2017,2,11,1,1,4,1,0,1,1,62,14
817,2017,2,1,3,1,4,1,0,1,1,97,47
818,2017,2,9,3,2,4,1,1,3,1,56,24
819,2017,2,4,3,1,4,1,0,0,1,72,18
820,2017,2,8,2,2,4,1,0,1,1,43,35
821,2017,2,6,1,3,4,1,0,1,1,97,29
822,2017,2,6,2,2,4,1,0,1,1,43,38
823,2017,2,8,1,2,4,1,0,0,1,72,21
824,2017,2,11,2,2,4,1,0,1,1,43,39
825,2017,2,11,2,2,4,1,0,1,1,36,12
826,2017,2,7,3,1,4,1,0,0,1,72,16
827,2017,2,11,1,3,4,1,0,1,1,97,19
828,2017,2,3,2,2,4,1,0,1,1,36,22
829,2017,2,11,1,1,4,1,0,1,1,61,16
830,2017,2,12,4,2,4,1,0,1,1,69,12
831,2017,2,3,4,1,4,1,0,1,1,61,60
832,2017,2,11,4,1,4,1,0,1,1,61,55
833,2017,2,2,4,1,4,1,0,1,1,61,60
834,2017,2,3,1,1,4,1,0,1,1,62,15
835,2017,2,5,3,1,4,1,0,1,1,97,42
836,2017,2,12,5,1,4,1,0,1,1,50,30
837,2017,2,1,4,1,4,1,0,1,1,61,56
838,2017,2,7,2,1,4,1,0,1,1,105,64
839,2017,2,12,3,3,4,1,0,1,1,39,26
840,2017,2,3,4,2,4,1,0,1,1,69,41
841,2017,2,8,1,1,4,1,0,1,1,61,21
842,2017,2,2,3,3,4,1,0,1,1,39,39
843,2017,2,3,3,2,4,2,0,1,1,69,13
844,2017,2,11,3,2,4,1,1,3,1,56,27
845,2017,2,3,3,1,4,1,0,1,1,97,35
846,2017,2,6,1,1,4,1,0,1,1,61,24
847,2017,2,10,4,1,4,1,0,1,1,61,55
848,2017,2,8,3,1,4,1,0,0,1,72,14
849,2017,2,2,2,1,4,1,0,1,1,105,84
850,2017,2,11,1,2,4,1,0,0,1,72,18
851,2017,2,12,4,2,4,1,0,1,1,69,12
852,2017,2,6,3,1,4,1,0,1,1,97,29
853,2017,2,2,1,2,4,1,0,0,1,72,30
854,2017,2,3,4,2,4,1,0,0,1,79,42
855,2017,2,1,5,1,4,1,0,1,1,50,31
856,2017,2,6,2,2,4,1,0,1,1,36,12
857,2017,2,2,4,2,4,1,0,1,1,69,44
858,2017,2,11,3,3,4,1,0,1,1,39,20
859,2017,2,2,4,2,4,1,0,0,1,79,34
860,2017,2,9,4,2,4,1,0,0,1,79,33
861,2017,2,4,3,3,4,1,0,1,1,39,36
862,2017,2,1,3,3,4,1,0,1,1,69,23
863,2017,2,7,2,2,4,1,0,1,1,43,41
864,2017,2,12,3,2,4,1,1,3,1,56,38
865,2017,2,5,4,2,4,1,0,0,1,79,29
866,2017,2,2,4,2,4,1,0,1,1,69,44
867,2017,2,4,1,2,4,1,0,0,1,72,30
868,2017,2,12,3,1,4,1,0,0,1,72,12
869,2017,2,2,4,2,4,1,0,1,2,74,73
870,2017,2,9,4,1,4,1,0,1,1,61,47
871,2017,2,9,4,2,4,1,0,1,2,74,57
872,2017,2,6,1,2,4,1,0,0,1,72,19
873,2017,2,2,2,2,4,1,0,1,1,43,36
874,2017,2,12,4,1,4,1,0,1,1,61,47
875,2017,2,1,3,2,4,1,1,3,1,56,43
876,2017,2,3,4,3,4,1,1,1,1,33,14
877,2017,2,4,1,3,4,1,0,1,1,97,34
878,2017,2,3,4,2,4,1,0,1,2,74,65
879,2017,2,4,1,1,4,1,0,1,1,61,17
880,2017,2,12,3,1,4,1,0,1,1,97,21
881,2017,2,8,1,3,4,1,0,1,1,97,33
882,2017,2,5,4,2,4,1,0,1,2,74,71
883,2017,2,8,3,3,4,1,0,1,1,39,28
884,2017,2,7,2,2,4,1,0,1,1,36,14
885,2017,2,1,3,3,4,1,0,1,1,39,34
886,2017,2,9,3,1,4,1,0,1,1,97,27
887,2017,2,5,4,1,4,1,0,1,1,61,52
888,2017,2,9,3,1,4,1,0,0,1,72,13
889,2017,2,2,4,3,4,1,1,1,1,33,20
890,2017,2,5,3,3,4,1,0,1,1,39,28
891,2017,2,3,3,2,4,1,1,3,1,56,47
892,2017,2,5,3,2,4,1,1,3,1,56,40
893,2017,2,3,3,3,4,1,0,1,1,69,25
894,2017,2,2,1,1,4,1,0,1,1,62,27
895,2017,2,8,3,2,4,1,1,3,1,56,32
896,2017,2,4,3,3,4,1,0,1,1,69,22
897,2017,2,12,4,2,4,1,0,1,1,69,12
898,2017,2,4,1,1,4,1,0,1,1,62,17
899,2017,2,4,3,2,4,1,1,3,1,56,40
900,2017,2,8,3,1,4,1,0,1,1,97,32
901,2017,2,3,3,3,4,1,0,1,1,39,35
902,2017,2,2,1,1,4,1,0,1,1,61,29
903,2017,2,2,1,3,4,1,0,1,1,97,59
904,2017,2,6,3,2,4,1,1,3,1,56,37
905,2017,2,6,3,3,4,1,0,1,1,39,17
906,2017,2,2,2,2,4,1,0,1,1,36,21
907,2017,2,1,1,1,5,1,0,2,2,41,32
908,2017,2,1,1,2,5,1,0,1,2,8,8
909,2017,2,1,1,3,5,1,0,1,2,21,21
910,2017,2,1,1,1,5,2,0,1,1,19,4
911,2017,2,7,5,3,5,2,0,1,1,24,22
912,2017,2,7,5,2,5,2,0,1,1,31,31
913,2017,2,5,1,1,5,2,0,1,1,19,17
914,2017,2,6,4,2,5,2,0,1,1,15,15
915,2017,2,3,3,2,5,1,0,0,2,35,35
916,2017,2,3,3,1,5,2,0,1,1,23,23
917,2017,2,5,2,2,5,2,0,1,1,21,21
918,2017,2,5,2,2,5,2,0,1,1,23,22
919,2017,2,9,4,1,5,2,0,1,1,24,21
920,2017,2,9,4,1,5,2,0,2,1,25,21
921,2017,2,9,4,3,5,2,0,1,1,24,24
922,2017,2,2,5,1,5,1,0,1,1,14,12
923,2017,2,2,5,1,5,2,0,1,1,21,21
924,2017,2,2,5,1,5,2,0,1,1,24,24
925,2017,2,2,5,2,5,2,0,1,1,24,24
926,2017,2,2,5,3,5,2,0,1,1,24,24
927,2017,2,4,1,2,5,1,0,1,2,8,8
928,2017,2,8,1,1,5,1,0,2,2,41,30
929,2017,2,8,1,2,5,1,0,1,2,8,6
930,2017,2,8,1,3,5,1,0,1,2,21,21
931,2017,2,8,1,1,5,2,0,1,1,19,17
932,2017,2,8,1,1,5,2,0,1,1,19,16
933,2017,2,5,4,1,5,1,0,1,1,4,4
934,2017,2,6,2,1,5,1,0,1,1,14,12
935,2017,2,6,2,1,5,2,0,1,1,24,21
936,2017,2,6,2,1,5,2,0,2,1,25,20
937,2017,2,6,2,3,5,2,0,2,1,25,25
938,2017,2,6,2,2,5,2,0,1,1,21,21
939,2017,2,6,2,2,5,2,0,1,1,23,23
940,2017,2,6,2,2,5,1,0,1,1,11,10
941,2017,2,12,1,1,5,1,0,2,2,41,36
942,2017,2,12,1,2,5,1,0,1,2,8,5
943,2017,2,12,1,3,5,1,0,1,2,21,18
944,2017,2,8,4,1,5,2,0,1,1,24,23
945,2017,2,8,4,1,5,2,0,2,1,25,24
946,2017,2,4,4,1,5,2,0,1,1,24,20
947,2017,2,4,4,1,5,2,0,2,1,25,25
948,2017,2,4,4,3,5,2,0,1,1,24,24
949,2017,2,1,2,2,5,1,0,1,1,11,11
950,2017,2,4,4,3,5,2,0,1,1,22,20
951,2017,2,4,4,2,5,2,0,1,1,15,11
952,2017,2,3,1,2,5,1,0,1,2,8,8
953,2017,2,3,1,3,5,1,0,1,2,21,20
954,2017,2,3,1,1,5,2,0,1,1,19,19
955,2017,2,3,1,1,5,2,0,1,1,19,19
956,2017,2,3,2,2,5,2,0,1,1,23,17
957,2017,2,3,2,2,5,1,0,1,1,11,11
958,2017,2,5,2,2,5,1,0,1,1,11,10
959,2017,2,11,1,1,5,1,0,2,2,41,26
960,2017,2,11,1,2,5,1,0,1,2,8,8
961,2017,2,9,5,1,5,1,0,1,1,14,8
962,2017,2,9,5,1,5,2,0,1,1,21,20
963,2017,2,9,5,1,5,2,0,1,1,24,24
964,2017,2,9,5,2,5,2,0,1,1,24,21
965,2017,2,9,5,3,5,2,0,1,1,24,18
966,2017,2,9,5,2,5,2,0,1,1,31,19
967,2017,2,3,4,3,5,2,0,1,1,24,21
968,2017,2,3,4,3,5,2,0,1,1,22,20
969,2017,2,3,4,2,5,2,0,1,1,15,15
970,2017,2,3,4,1,5,1,0,1,1,4,4
971,2017,2,4,2,1,5,1,0,1,1,14,12
972,2017,2,4,2,1,5,2,0,1,1,24,21
973,2017,2,8,2,1,5,1,0,1,1,14,10
974,2017,2,6,3,1,5,1,0,1,1,12,12
975,2017,2,6,3,2,5,1,0,0,2,35,30
976,2017,2,6,3,1,5,2,0,1,1,23,23
977,2017,2,8,2,2,5,2,0,1,1,21,17
978,2017,2,1,3,2,5,1,0,0,2,35,35
979,2017,2,8,2,2,5,1,0,1,1,11,9
980,2017,2,11,4,1,5,2,0,2,1,25,25
981,2017,2,11,4,3,5,2,0,1,1,24,23
982,2017,2,11,4,3,5,2,0,1,1,24,24
983,2017,2,11,4,3,5,2,0,1,1,22,22
984,2017,2,11,4,2,5,2,0,1,1,15,15
985,2017,2,11,4,1,5,1,0,1,1,4,4
986,2017,2,13,5,1,5,2,0,1,1,24,14
987,2017,2,13,5,2,5,2,0,1,1,24,18
988,2017,2,13,5,3,5,2,0,1,1,24,23
989,2017,2,13,5,2,5,2,0,1,1,31,10
990,2017,2,3,2,1,5,1,0,1,1,14,13
991,2017,2,3,2,1,5,2,0,1,1,24,24
992,2017,2,3,2,1,5,2,0,2,1,25,25
993,2017,2,3,2,3,5,2,0,2,1,25,25
994,2017,2,3,2,2,5,2,0,1,1,21,19
995,2017,2,10,2,2,5,2,0,1,1,23,23
996,2017,2,9,2,2,5,1,0,1,1,11,11
997,2017,2,10,4,1,5,2,0,1,1,24,23
998,2017,2,10,4,1,5,2,0,2,1,25,25
999,2017,2,10,4,3,5,2,0,1,1,24,24
1000,2017,2,10,4,3,5,2,0,1,1,24,21
1001,2017,2,10,4,3,5,2,0,1,1,22,18
1002,2017,2,10,4,2,5,2,0,1,1,15,15
1003,2017,2,11,2,1,5,1,0,1,1,14,13
1004,2017,2,11,2,1,5,2,0,1,1,24,23
1005,2017,2,6,1,1,5,1,0,2,2,41,41
1006,2017,2,6,1,2,5,1,0,1,2,8,8
1007,2017,2,6,1,3,5,1,0,1,2,21,18
1008,2017,2,8,3,1,5,1,0,1,1,12,10
1009,2017,2,8,3,2,5,1,0,0,2,35,35
1010,2017,2,8,3,1,5,2,0,1,1,23,23
1011,2017,2,3,5,2,5,2,0,1,1,24,24
1012,2017,2,3,5,3,5,2,0,1,1,24,23
1013,2017,2,3,5,2,5,2,0,1,1,31,30
1014,2017,2,2,1,1,5,2,0,1,1,19,18
1015,2017,2,2,1,1,5,2,0,1,1,19,19
1016,2017,2,13,4,3,5,2,0,1,1,22,22
1017,2017,2,2,2,1,5,1,0,1,1,14,13
1018,2017,2,2,2,1,5,2,0,1,1,24,24
1019,2017,2,2,2,1,5,2,0,2,1,25,19
1020,2017,2,2,2,3,5,2,0,2,1,25,25
1021,2017,2,2,2,2,5,2,0,1,1,21,21
1022,2017,2,11,5,1,5,1,0,1,1,14,11
1023,2017,2,5,1,1,5,1,0,2,2,41,41
1024,2017,2,1,4,1,5,1,0,1,1,4,4
1025,2017,2,5,1,3,5,1,0,1,2,21,21
1026,2017,2,5,1,1,5,2,0,1,1,19,15
1027,2017,2,7,2,2,5,2,0,1,1,21,19
1028,2017,2,7,2,2,5,2,0,1,1,23,23
1029,2017,2,6,4,1,5,1,0,1,1,4,4
1030,2017,2,10,2,2,5,2,0,1,1,21,21
1031,2017,2,5,2,3,5,2,0,2,1,25,25
1032,2017,2,5,3,1,5,2,0,1,1,23,23
1033,2017,2,6,5,3,5,2,0,1,1,24,24
1034,2017,2,2,4,3,5,2,0,1,1,24,14
1035,2017,2,2,4,3,5,2,0,1,1,22,15
1036,2017,2,2,4,2,5,2,0,1,1,15,15
1037,2017,2,11,1,3,5,1,0,1,2,21,21
1038,2017,2,9,4,3,5,2,0,1,1,24,15
1039,2017,2,9,4,3,5,2,0,1,1,22,17
1040,2017,2,10,5,1,5,1,0,1,1,14,14
1041,2017,2,4,1,1,5,1,0,2,2,41,37
1042,2017,2,13,1,3,5,1,0,1,2,21,16
1043,2017,2,4,1,3,5,1,0,1,2,21,20
1044,2017,2,4,1,1,5,2,0,1,1,19,17
1045,2017,2,4,1,1,5,2,0,1,1,19,18
1046,2017,2,5,4,3,5,2,0,1,1,22,21
1047,2017,2,5,4,2,5,2,0,1,1,15,15
1048,2017,2,3,5,1,5,1,0,1,1,14,9
1049,2017,2,3,5,1,5,2,0,1,1,21,20
1050,2017,2,2,1,1,5,1,0,2,2,41,41
1051,2017,2,2,1,2,5,1,0,1,2,8,8
1052,2017,2,2,1,3,5,1,0,1,2,21,21
1053,2017,2,12,5,2,5,2,0,1,1,31,18
1054,2017,2,4,2,2,5,2,0,1,1,23,21
1055,2017,2,8,2,2,5,2,0,1,1,23,20
1056,2017,2,11,4,1,5,2,0,1,1,24,23
1057,2017,2,2,3,1,5,1,0,1,1,12,10
1058,2017,2,2,3,2,5,1,0,0,2,35,35
1059,2017,2,2,3,1,5,2,0,1,1,23,23
1060,2017,2,8,4,3,5,2,0,1,1,24,19
1061,2017,2,8,4,3,5,2,0,1,1,24,18
1062,2017,2,8,4,3,5,2,0,1,1,22,20
1063,2017,2,8,4,2,5,2,0,1,1,15,15
1064,2017,2,8,4,1,5,1,0,1,1,4,4
1065,2017,2,10,3,2,5,1,0,0,2,35,35
1066,2017,2,10,3,1,5,2,0,1,1,23,23
1067,2017,2,5,2,1,5,1,0,1,1,14,10
1068,2017,2,5,2,1,5,2,0,1,1,24,23
1069,2017,2,5,2,1,5,2,0,2,1,25,19
1070,2017,2,5,3,2,5,1,0,0,2,35,25
1071,2017,2,9,2,2,5,2,0,1,1,23,22
1072,2017,2,2,4,3,5,2,0,1,1,24,24
1073,2017,2,4,5,3,5,2,0,1,1,24,23
1074,2017,2,6,1,1,5,2,0,1,1,19,16
1075,2017,2,11,1,1,5,2,0,1,1,19,17
1076,2017,2,11,1,1,5,2,0,1,1,19,17
1077,2017,2,12,4,1,5,2,0,2,1,25,22
1078,2017,2,3,4,1,5,2,0,1,1,24,23
1079,2017,2,3,4,1,5,2,0,2,1,25,25
1080,2017,2,3,4,3,5,2,0,1,1,24,24
1081,2017,2,12,4,2,5,2,0,1,1,15,14
1082,2017,2,12,4,1,5,1,0,1,1,4,4
1083,2017,2,11,2,1,5,2,0,2,1,25,25
1084,2017,2,11,2,3,5,2,0,2,1,25,22
1085,2017,2,5,4,3,5,2,0,1,1,24,24
1086,2017,2,7,1,2,5,1,0,1,2,8,7
1087,2017,2,3,5,1,5,2,0,1,1,24,24
1088,2017,2,4,3,2,5,1,0,0,2,35,35
1089,2017,2,4,3,1,5,2,0,1,1,23,23
1090,2017,2,4,2,2,5,2,0,1,1,21,20
1091,2017,2,8,2,1,5,2,0,1,1,24,24
1092,2017,2,8,2,1,5,2,0,2,1,25,22
1093,2017,2,5,5,2,5,2,0,1,1,31,21
1094,2017,2,13,4,3,5,2,0,1,1,24,24
1095,2017,2,13,4,1,5,1,0,1,1,4,4
1096,2017,2,2,4,1,5,2,0,1,1,24,24
1097,2017,2,6,5,2,5,2,0,1,1,24,24
1098,2017,2,7,1,1,5,1,0,2,2,41,38
1099,2017,2,7,1,3,5,1,0,1,2,21,21
1100,2017,2,7,1,1,5,2,0,1,1,19,14
1101,2017,2,7,1,1,5,2,0,1,1,19,15
1102,2017,2,8,5,1,5,2,0,1,1,21,21
1103,2017,2,8,5,1,5,2,0,1,1,24,24
1104,2017,2,8,5,2,5,2,0,1,1,24,21
1105,2017,2,8,5,3,5,2,0,1,1,24,23
1106,2017,2,5,3,1,5,1,0,1,1,12,12
1107,2017,2,10,2,3,5,2,0,2,1,25,25
1108,2017,2,11,3,1,5,1,0,1,1,12,9
1109,2017,2,11,3,2,5,1,0,0,2,35,26
1110,2017,2,4,5,2,5,2,0,1,1,24,24
1111,2017,2,10,5,2,5,2,0,1,1,24,22
1112,2017,2,10,5,3,5,2,0,1,1,24,21
1113,2017,2,6,1,1,5,2,0,1,1,19,16
1114,2017,2,4,2,1,5,2,0,2,1,25,22
1115,2017,2,4,2,3,5,2,0,2,1,25,25
1116,2017,2,13,3,1,5,2,0,1,1,23,23
1117,2017,2,9,4,2,5,2,0,1,1,15,15
1118,2017,2,9,4,1,5,1,0,1,1,4,4
1119,2017,2,5,4,1,5,2,0,1,1,24,24
1120,2017,2,13,4,2,5,2,0,1,1,15,11
1121,2017,2,6,5,1,5,2,0,1,1,21,21
1122,2017,2,11,3,1,5,2,0,1,1,23,23
1123,2017,2,9,1,1,5,1,0,2,2,41,32
1124,2017,2,2,2,2,5,2,0,1,1,23,18
1125,2017,2,2,2,2,5,1,0,1,1,11,9
1126,2017,2,7,2,1,5,2,0,1,1,24,21
1127,2017,2,7,2,1,5,2,0,2,1,25,21
1128,2017,2,12,5,3,5,2,0,1,1,24,24
1129,2017,2,5,5,1,5,2,0,1,1,21,21
1130,2017,2,5,5,1,5,2,0,1,1,24,24
1131,2017,2,8,2,3,5,2,0,2,1,25,25
1132,2017,2,5,5,3,5,2,0,1,1,24,24
1133,2017,2,9,2,2,5,2,0,1,1,21,21
1134,2017,2,13,4,3,5,2,0,1,1,24,21
1135,2017,2,2,4,1,5,2,0,2,1,25,22
1136,2017,2,12,2,2,5,1,0,1,1,11,10
1137,2017,2,12,1,1,5,2,0,1,1,19,14
1138,2017,2,7,3,1,5,2,0,1,1,23,23
1139,2017,2,11,2,2,5,2,0,1,1,21,21
1140,2017,2,4,3,1,5,1,0,1,1,12,11
1141,2017,2,7,2,3,5,2,0,2,1,25,25
1142,2017,2,6,4,3,5,2,0,1,1,24,17
1143,2017,2,6,4,3,5,2,0,1,1,22,21
1144,2017,2,10,2,1,5,2,0,2,1,25,25
1145,2017,2,11,5,2,5,2,0,1,1,31,15
1146,2017,2,12,4,3,5,2,0,1,1,22,22
1147,2017,2,5,4,1,5,2,0,2,1,25,23
1148,2017,2,5,4,3,5,2,0,1,1,24,23
1149,2017,2,9,3,1,5,2,0,1,1,23,22
1150,2017,2,12,2,2,5,2,0,1,1,23,23
1151,2017,2,13,5,1,5,1,0,1,1,14,9
1152,2017,2,13,2,1,5,1,0,1,1,14,7
1153,2017,2,12,5,2,5,2,0,1,1,24,24
1154,2017,2,13,4,1,5,2,0,1,1,24,15
1155,2017,2,12,4,1,5,2,0,1,1,24,20
1156,2017,2,12,4,3,5,2,0,1,1,24,22
1157,2017,2,12,4,3,5,2,0,1,1,24,21
1158,2017,2,13,4,1,5,2,0,2,1,25,15
1159,2017,2,13,1,1,5,1,0,2,2,41,31
1160,2017,2,4,5,1,5,2,0,1,1,21,21
1161,2017,2,6,5,1,5,2,0,1,1,24,22
1162,2017,2,10,5,1,5,2,0,1,1,24,24
1163,2017,2,11,5,3,5,2,0,1,1,24,24
1164,2017,2,7,3,1,5,1,0,1,1,12,10
1165,2017,2,7,5,1,5,1,0,1,1,14,12
1166,2017,2,4,4,3,5,2,0,1,1,24,22
1167,2017,2,9,2,1,5,1,0,1,1,14,13
1168,2017,2,9,2,1,5,2,0,1,1,24,23
1169,2017,2,5,5,2,5,2,0,1,1,24,22
1170,2017,2,9,2,3,5,2,0,2,1,25,21
1171,2017,2,7,4,3,5,2,0,1,1,22,19
1172,2017,2,6,5,1,5,1,0,1,1,14,11
1173,2017,2,4,5,1,5,2,0,1,1,24,24
1174,2017,2,9,3,1,5,1,0,1,1,12,12
1175,2017,2,13,2,2,5,2,0,1,1,23,22
1176,2017,2,9,3,2,5,1,0,0,2,35,29
1177,2017,2,11,2,2,5,2,0,1,1,23,23
1178,2017,2,5,5,1,5,1,0,1,1,14,13
1179,2017,2,12,5,1,5,2,0,1,1,24,24
1180,2017,2,7,4,1,5,2,0,2,1,25,25
1181,2017,2,9,2,1,5,2,0,2,1,25,19
1182,2017,2,7,4,3,5,2,0,1,1,24,20
1183,2017,2,12,3,2,5,1,0,0,2,35,35
1184,2017,2,12,3,1,5,2,0,1,1,23,21
1185,2017,2,4,5,1,5,1,0,1,1,14,11
1186,2017,2,12,2,2,5,2,0,1,1,21,21
1187,2017,2,10,2,1,5,1,0,1,1,14,14
1188,2017,2,12,2,1,5,2,0,1,1,24,24
1189,2017,2,11,5,1,5,2,0,1,1,24,24
1190,2017,2,13,5,1,5,2,0,1,1,21,21
1191,2017,2,7,5,1,5,2,0,1,1,24,20
1192,2017,2,7,4,1,5,2,0,1,1,24,24
1193,2017,2,12,5,1,5,2,0,1,1,21,21
1194,2017,2,7,4,3,5,2,0,1,1,24,24
1195,2017,2,12,3,1,5,1,0,1,1,12,11
1196,2017,2,13,2,3,5,2,0,2,1,25,4
1197,2017,2,13,2,2,5,2,0,1,1,21,20
1198,2017,2,4,4,1,5,1,0,1,1,4,4
1199,2017,2,10,2,1,5,2,0,1,1,24,18
1200,2017,2,10,3,1,5,1,0,1,1,12,12
1201,2017,2,11,5,1,5,2,0,1,1,21,21
1202,2017,2,7,5,2,5,2,0,1,1,24,22
1203,2017,2,12,1,1,5,2,0,1,1,19,15
1204,2017,2,7,5,1,5,2,0,1,1,21,21
1205,2017,2,11,2,2,5,1,0,1,1,11,11
1206,2017,2,8,5,1,5,1,0,1,1,14,14
1207,2017,2,6,4,3,5,2,0,1,1,24,21
1208,2017,2,12,2,1,5,1,0,1,1,14,11
1209,2017,2,5,1,2,5,1,0,1,2,8,8
1210,2017,2,9,1,3,5,1,0,1,2,21,21
1211,2017,2,12,2,1,5,2,0,2,1,25,20
1212,2017,2,12,2,3,5,2,0,2,1,25,19
1213,2017,2,9,1,1,5,2,0,1,1,19,17
1214,2017,2,9,1,1,5,2,0,1,1,19,17
1215,2017,2,12,5,1,5,1,0,1,1,14,12
1216,2017,2,11,5,2,5,2,0,1,1,24,24
1217,2017,2,7,2,1,5,1,0,1,1,14,13
1218,2017,2,6,4,1,5,2,0,1,1,24,22
1219,2017,2,9,1,2,5,1,0,1,2,8,8
1220,2017,2,6,4,1,5,2,0,2,1,25,25
1221,2017,2,7,3,2,5,1,0,0,2,35,35
1222,2017,2,2,4,2,6,1,0,1,2,49,49
1223,2017,2,9,2,1,6,1,0,1,2,40,32
1224,2017,2,1,3,2,6,1,0,2,2,50,46
1225,2017,2,8,2,1,6,1,0,1,2,40,38
1226,2017,2,5,2,1,6,1,0,1,2,40,35
1227,2017,2,5,2,3,6,2,0,1,1,24,24
1228,2017,2,5,3,2,6,1,0,2,2,50,37
1229,2017,2,3,2,1,6,1,0,1,2,40,33
1230,2017,2,6,5,2,6,1,0,1,2,44,28
1231,2017,2,13,3,3,6,1,0,2,2,50,50
1232,2017,2,2,4,4,6,1,0,0,2,40,40
1233,2017,2,6,2,1,6,1,0,1,2,40,36
1234,2017,2,6,2,3,6,2,0,1,1,24,24
1235,2017,2,5,2,2,6,1,0,2,2,46,46
1236,2017,2,5,4,2,6,1,0,1,2,49,49
1237,2017,2,3,2,3,6,2,0,1,1,24,24
1238,2017,2,2,4,1,6,1,0,2,2,45,44
1239,2017,2,3,5,2,6,1,0,1,2,44,28
1240,2017,2,12,5,1,6,1,0,1,2,42,42
1241,2017,2,4,3,2,6,1,0,2,2,50,44
1242,2017,2,6,2,4,6,1,0,1,2,41,41
1243,2017,2,2,1,3,6,1,0,1,1,22,21
1244,2017,2,8,2,4,6,1,0,1,2,41,40
1245,2017,2,5,2,4,6,1,0,1,2,41,41
1246,2017,2,3,4,2,6,1,0,1,2,49,36
1247,2017,2,6,5,1,6,1,0,1,2,42,39
1248,2017,2,3,2,4,6,1,0,1,2,41,41
1249,2017,2,3,2,2,6,1,0,2,2,46,44
1250,2017,2,2,4,3,6,2,0,1,1,20,20
1251,2017,2,8,3,2,6,1,0,2,2,50,50
1252,2017,2,6,2,2,6,1,0,2,2,46,29
1253,2017,2,9,5,1,6,1,0,1,2,42,33
1254,2017,2,12,4,1,6,1,0,2,2,45,45
1255,2017,2,3,1,3,6,1,0,1,1,22,22
1256,2017,2,3,4,1,6,1,0,2,2,45,42
1257,2017,2,9,2,2,6,1,0,2,2,46,42
1258,2017,2,11,3,3,6,1,0,2,2,50,50
1259,2017,2,11,3,2,6,1,0,2,2,50,43
1260,2017,2,5,4,4,6,1,0,0,2,40,21
1261,2017,2,9,2,3,6,2,0,1,1,24,24
1262,2017,2,4,3,3,6,1,0,2,2,50,50
1263,2017,2,4,5,1,6,1,0,1,2,42,42
1264,2017,2,8,3,3,6,1,0,2,2,50,39
1265,2017,2,11,1,1,6,1,0,1,2,17,17
1266,2017,2,4,2,2,6,1,0,2,2,46,44
1267,2017,2,2,1,2,6,1,0,1,1,26,21
1268,2017,2,8,1,1,6,1,0,1,2,17,17
1269,2017,2,8,2,2,6,1,0,2,2,46,46
1270,2017,2,11,3,1,6,1,0,1,1,35,30
1271,2017,2,8,2,3,6,2,0,1,1,24,24
1272,2017,2,5,3,3,6,1,0,2,2,50,50
1273,2017,2,12,2,1,6,1,0,1,2,40,40
1274,2017,2,12,2,3,6,2,0,1,1,24,24
1275,2017,2,4,5,2,6,1,0,1,2,44,44
1276,2017,2,3,5,1,6,1,0,1,2,42,42
1277,2017,2,8,1,3,6,1,0,1,1,22,19
1278,2017,2,12,5,2,6,1,0,1,2,44,37
1279,2017,2,10,4,2,6,1,0,1,2,49,41
1280,2017,2,9,4,2,6,1,0,1,2,49,41
1281,2017,2,4,2,3,6,2,0,1,1,24,24
1282,2017,2,1,3,1,6,1,0,1,1,35,31
1283,2017,2,6,4,2,6,1,0,1,2,49,33
1284,2017,2,4,1,1,6,1,0,1,2,17,17
1285,2017,2,12,4,4,6,1,0,0,2,40,28
1286,2017,2,8,1,2,6,1,0,1,1,33,24
1287,2017,2,7,4,3,6,2,0,1,1,20,20
1288,2017,2,7,3,2,6,1,0,2,2,50,9
1289,2017,2,4,3,1,6,1,0,1,1,35,35
1290,2017,2,2,1,2,6,1,0,1,1,33,33
1291,2017,2,2,1,1,6,1,0,1,2,17,16
1292,2017,2,9,5,2,6,1,0,1,2,44,39
1293,2017,2,12,4,2,6,1,0,1,2,49,33
1294,2017,2,3,1,2,6,1,0,1,1,26,17
1295,2017,2,13,1,1,6,1,0,1,2,17,17
1296,2017,2,6,3,2,6,1,0,2,2,50,35
1297,2017,2,2,3,3,6,1,0,2,2,50,50
1298,2017,2,7,4,1,6,1,0,2,2,45,38
1299,2017,2,11,4,1,6,1,0,2,2,45,40
1300,2017,2,5,4,3,6,2,0,1,1,20,20
1301,2017,2,7,4,4,6,1,0,0,2,40,34
1302,2017,2,8,3,1,6,1,0,1,1,35,29
1303,2017,2,6,1,2,6,1,0,1,1,26,14
1304,2017,2,11,1,2,6,1,0,1,1,33,30
1305,2017,2,5,5,1,6,1,0,1,2,42,42
1306,2017,2,4,2,1,6,1,0,1,2,40,40
1307,2017,2,10,4,3,6,2,0,1,1,20,20
1308,2017,2,1,3,3,6,1,0,2,2,50,50
1309,2017,2,9,2,4,6,1,0,1,2,41,31
1310,2017,2,12,2,2,6,1,0,2,2,46,42
1311,2017,2,4,1,2,6,1,0,1,1,33,33
1312,2017,2,7,4,2,6,1,0,1,2,49,46
1313,2017,2,2,3,2,6,1,0,2,2,50,50
1314,2017,2,8,1,2,6,1,0,1,1,26,16
1315,2017,2,6,1,1,6,1,0,1,2,17,17
1316,2017,2,11,2,3,6,2,0,1,1,24,23
1317,2017,2,11,1,2,6,1,0,1,1,26,8
1318,2017,2,11,1,2,6,1,0,1,1,26,8
1319,2017,2,6,3,1,6,1,0,1,1,35,32
1320,2017,2,6,4,4,6,1,0,0,2,40,34
1321,2017,2,5,5,2,6,1,0,1,2,44,40
1322,2017,2,2,5,2,6,1,0,1,2,44,30
1323,2017,2,11,5,2,6,1,0,1,2,44,44
1324,2017,2,4,1,2,6,1,0,1,1,26,15
1325,2017,2,12,2,4,6,1,0,1,2,41,41
1326,2017,2,2,3,1,6,1,0,1,1,35,35
1327,2017,2,12,1,2,6,1,0,1,1,33,23
1328,2017,2,9,3,3,6,1,0,2,2,50,45
1329,2017,2,6,1,2,6,1,0,1,1,33,19
1330,2017,2,11,2,1,6,1,0,1,2,40,37
1331,2017,2,4,2,4,6,1,0,1,2,41,41
1332,2017,2,9,4,1,6,1,0,2,2,45,43
1333,2017,2,11,1,3,6,1,0,1,1,22,16
1334,2017,2,3,1,2,6,1,0,1,1,33,31
1335,2017,2,6,3,3,6,1,0,2,2,50,41
1336,2017,2,6,4,1,6,1,0,2,2,45,38
1337,2017,2,10,3,2,6,1,0,2,2,50,50
1338,2017,2,13,1,3,6,1,0,1,1,22,22
1339,2017,2,9,3,2,6,1,0,2,2,50,43
1340,2017,2,3,4,4,6,1,0,0,2,40,39
1341,2017,2,11,2,2,6,1,0,2,2,46,43
1342,2017,2,2,5,1,6,1,0,1,2,42,42
1343,2017,2,3,3,2,6,1,0,2,2,50,50
1344,2017,2,7,2,3,6,2,0,1,1,24,24
1345,2017,2,6,4,3,6,2,0,1,1,20,17
1346,2017,2,5,3,1,6,1,0,1,1,35,32
1347,2017,2,3,1,1,6,1,0,1,2,17,17
1348,2017,2,13,1,2,6,1,0,1,1,26,13
1349,2017,2,12,1,1,6,1,0,1,2,17,14
1350,2017,2,10,3,1,6,1,0,1,1,35,32
1351,2017,2,5,4,1,6,1,0,2,2,45,45
1352,2017,2,1,2,1,6,1,0,1,2,40,36
1353,2017,2,1,5,2,6,1,0,1,2,44,32
1354,2017,2,3,4,3,6,2,0,1,1,20,20
1355,2017,2,11,2,4,6,1,0,1,2,41,34
1356,2017,2,3,3,3,6,1,0,2,2,50,49
1357,2017,2,7,2,4,6,1,0,1,2,41,41
1358,2017,2,7,2,1,6,1,0,1,2,40,35
1359,2017,2,12,3,2,6,1,0,2,2,50,48
1360,2017,2,13,2,3,6,2,0,1,1,24,20
1361,2017,2,8,4,3,6,2,0,1,1,20,17
1362,2017,2,9,4,4,6,1,0,0,2,40,13
1363,2017,2,1,4,4,6,1,0,0,2,40,38
1364,2017,2,13,1,2,6,1,0,1,1,26,13
1365,2017,2,1,5,1,6,1,0,1,2,42,42
1366,2017,2,12,1,2,6,1,0,1,1,26,14
1367,2017,2,11,4,2,6,1,0,1,2,49,30
1368,2017,2,11,4,4,6,1,0,0,2,40,40
1369,2017,2,8,4,2,6,1,0,1,2,49,37
1370,2017,2,3,3,1,6,1,0,1,1,35,35
1371,2017,2,12,3,1,6,1,0,1,1,35,35
1372,2017,2,4,4,3,6,2,0,1,1,20,20
1373,2017,2,9,4,3,6,2,0,1,1,20,20
1374,2017,2,13,2,1,6,1,0,1,2,40,34
1375,2017,2,7,1,3,6,1,0,1,1,22,22
1376,2017,2,9,1,3,6,1,0,1,1,22,21
1377,2017,2,1,4,2,6,1,0,1,2,49,27
1378,2017,2,7,1,2,6,1,0,1,1,26,12
1379,2017,2,1,2,4,6,1,0,1,2,41,33
1380,2017,2,7,3,3,6,1,0,2,2,50,46
1381,2017,2,1,1,1,6,1,0,1,2,17,17
1382,2017,2,7,2,2,6,1,0,2,2,46,40
1383,2017,2,9,3,1,6,1,0,1,1,35,27
1384,2017,2,5,1,2,6,1,0,1,1,26,21
1385,2017,2,8,5,2,6,1,0,1,2,44,44
1386,2017,2,11,5,1,6,1,0,1,2,42,42
1387,2017,2,9,1,2,6,1,0,1,1,26,11
1388,2017,2,2,2,1,6,1,0,1,2,40,40
1389,2017,2,8,4,4,6,1,0,0,2,40,36
1390,2017,2,9,1,2,6,1,0,1,1,33,18
1391,2017,2,7,5,2,6,1,0,1,2,44,41
1392,2017,2,8,4,1,6,1,0,2,2,45,45
1393,2017,2,12,3,3,6,1,0,2,2,50,42
1394,2017,2,5,1,2,6,1,0,1,1,33,26
1395,2017,2,5,1,1,6,1,0,1,2,17,17
1396,2017,2,4,4,1,6,1,0,2,2,45,38
1397,2017,2,1,1,2,6,1,0,1,1,33,29
1398,2017,2,7,1,2,6,1,0,1,1,33,20
1399,2017,2,4,4,4,6,1,0,0,2,40,39
1400,2017,2,1,4,1,6,1,0,2,2,45,45
1401,2017,2,2,2,3,6,2,0,1,1,24,23
1402,2017,2,1,2,2,6,1,0,2,2,46,46
1403,2017,2,9,1,1,6,1,0,1,2,17,17
1404,2017,2,7,5,1,6,1,0,1,2,42,34
1405,2017,2,12,1,2,6,1,0,1,1,26,14
1406,2017,2,12,1,3,6,1,0,1,1,22,16
1407,2017,2,11,4,3,6,2,0,1,1,20,17
1408,2017,2,4,4,2,6,1,0,1,2,49,36
1409,2017,2,7,1,1,6,1,0,1,2,17,17
1410,2017,2,1,1,3,6,1,0,1,1,22,13
1411,2017,2,2,2,4,6,1,0,1,2,41,29
1412,2017,2,2,2,2,6,1,0,2,2,46,40
1413,2017,2,8,3,2,7,1,0,0,1,271,89
1414,2017,2,9,5,2,7,1,1,1,2,303,67
1415,2017,2,8,3,1,7,1,1,1,1,404,69
1416,2017,2,5,4,2,7,1,0,1,1,269,97
1417,2017,2,2,4,1,7,1,0,1,1,381,189
1418,2017,2,3,2,2,7,1,0,0,1,231,79
1419,2017,2,4,2,3,7,1,0,1,1,447,183
1420,2017,2,2,4,4,7,1,0,1,1,374,159
1421,2017,2,4,5,3,7,1,1,1,1,404,62
1422,2017,2,8,3,1,7,1,0,1,1,291,126
1423,2017,2,3,1,3,7,1,0,1,1,296,137
1424,2017,2,4,3,3,7,1,0,1,1,400,196
1425,2017,2,4,3,2,7,1,0,1,1,416,169
1426,2017,2,4,3,1,7,1,0,1,1,291,181
1427,2017,2,9,5,2,7,1,0,1,1,447,94
1428,2017,2,3,3,2,7,1,0,0,1,271,160
1429,2017,2,10,2,3,7,1,0,1,1,447,108
1430,2017,2,8,3,2,7,1,0,1,1,416,139
1431,2017,2,2,4,1,7,1,0,1,1,397,207
1432,2017,2,5,2,1,7,1,1,1,1,404,69
1433,2017,2,4,3,1,7,1,1,1,1,404,95
1434,2017,2,3,2,2,7,1,1,1,2,321,123
1435,2017,2,4,5,4,7,3,0,1,1,326,286
1436,2017,2,3,2,1,7,1,1,1,1,404,92
1437,2017,2,10,2,1,7,1,1,1,1,404,71
1438,2017,2,5,2,2,7,1,0,1,1,455,307
1439,2017,2,4,3,4,7,1,0,1,2,344,192
1440,2017,2,4,1,1,7,1,0,1,1,399,165
1441,2017,2,8,1,1,7,1,0,1,1,399,92
1442,2017,2,8,1,3,7,1,0,1,1,296,74
1443,2017,2,10,2,1,7,1,0,1,1,399,89
1444,2017,2,3,2,1,7,1,0,1,1,399,174
1445,2017,2,4,1,3,7,1,0,1,1,296,126
1446,2017,2,6,4,2,7,1,0,1,1,269,75
1447,2017,2,6,5,2,7,1,0,1,1,447,106
1448,2017,2,8,3,3,7,1,0,1,1,400,168
1449,2017,2,8,1,1,7,1,0,1,1,418,130
1450,2017,2,5,3,1,7,1,0,1,1,291,153
1451,2017,2,3,1,1,7,1,0,1,1,399,204
1452,2017,2,5,2,1,7,1,0,1,1,399,151
1453,2017,2,3,5,2,7,1,0,1,1,447,153
1454,2017,2,11,1,3,7,1,0,1,1,386,132
1455,2017,2,3,2,3,7,1,0,1,1,447,225
1456,2017,2,3,3,1,7,1,1,1,1,404,113
1457,2017,2,5,2,2,7,1,1,1,2,321,95
1458,2017,2,7,2,2,7,1,0,0,1,231,55
1459,2017,2,4,1,3,7,1,0,1,1,386,139
1460,2017,2,6,5,1,7,1,0,1,1,306,94
1461,2017,2,5,3,3,7,1,0,1,1,400,189
1462,2017,2,5,4,3,7,1,0,1,1,399,100
1463,2017,2,8,1,2,7,1,0,1,1,421,154
1464,2017,2,6,1,1,7,1,0,1,1,418,144
1465,2017,2,3,5,1,7,1,0,1,1,306,134
1466,2017,2,6,2,2,7,1,1,1,2,321,81
1467,2017,2,7,2,1,7,1,1,1,1,404,224
1468,2017,2,3,2,2,7,1,0,1,1,455,360
1469,2017,2,4,1,2,7,1,0,1,1,421,172
1470,2017,2,3,1,3,7,1,0,1,1,386,161
1471,2017,2,8,1,3,7,1,0,1,1,386,98
1472,2017,2,4,1,1,7,1,0,1,1,418,189
1473,2017,2,5,3,2,7,1,0,1,1,416,180
1474,2017,2,3,1,1,7,1,0,1,1,418,208
1475,2017,2,5,3,1,7,1,1,1,1,404,75
1476,2017,2,3,5,2,7,1,1,1,2,303,122
1477,2017,2,5,2,2,7,1,0,0,1,231,58
1478,2017,2,2,4,3,7,1,0,1,1,399,215
1479,2017,2,4,2,1,7,1,0,1,1,399,159
1480,2017,2,4,2,1,7,1,1,1,1,404,98
1481,2017,2,4,2,2,7,1,0,0,1,231,65
1482,2017,2,4,1,4,7,1,0,1,1,133,60
1483,2017,2,2,5,3,7,1,1,1,1,404,64
1484,2017,2,5,3,4,7,1,0,1,2,344,172
1485,2017,2,6,4,1,7,1,0,1,1,381,93
1486,2017,2,5,4,4,7,1,0,1,1,374,90
1487,2017,2,3,5,2,7,1,0,1,1,238,109
1488,2017,2,4,3,3,7,1,0,1,1,418,260
1489,2017,2,5,3,2,7,1,0,0,1,271,143
1490,2017,2,6,1,2,7,1,0,1,1,421,168
1491,2017,2,2,1,4,7,1,0,1,1,133,87
1492,2017,2,11,1,1,7,1,0,1,1,418,97
1493,2017,2,5,1,3,7,1,0,1,1,296,107
1494,2017,2,2,1,1,7,1,0,1,1,418,232
1495,2017,2,2,1,2,7,1,0,1,1,421,299
1496,2017,2,4,3,2,7,1,0,0,1,271,151
1497,2017,2,9,4,2,7,1,0,1,1,269,50
1498,2017,2,10,5,2,7,1,1,1,2,303,61
1499,2017,2,12,3,2,7,1,0,0,1,271,78
1500,2017,2,10,2,2,7,1,0,1,1,455,195
1501,2017,2,7,4,3,7,1,0,1,1,399,61
1502,2017,2,5,4,1,7,1,0,1,1,381,133
1503,2017,2,13,3,4,7,1,0,1,2,344,107
1504,2017,2,5,5,1,7,1,0,1,1,306,92
1505,2017,2,3,1,4,7,1,0,1,1,133,74
1506,2017,2,3,3,1,7,1,0,1,1,291,181
1507,2017,2,5,1,1,7,1,0,1,1,399,143
1508,2017,2,4,4,2,7,1,0,1,1,269,93
1509,2017,2,2,1,3,7,1,0,1,1,296,191
1510,2017,2,11,3,4,7,1,0,1,2,344,103
1511,2017,2,11,3,3,7,1,0,1,1,400,103
1512,2017,2,5,4,1,7,1,0,1,1,397,195
1513,2017,2,3,1,2,7,1,0,1,1,421,266
1514,2017,2,11,3,2,7,1,0,0,1,271,82
1515,2017,2,6,1,3,7,1,0,1,1,296,90
1516,2017,2,3,3,2,7,1,0,1,1,416,199
1517,2017,2,9,5,1,7,1,0,1,1,306,60
1518,2017,2,1,3,3,7,1,0,1,1,418,275
1519,2017,2,2,5,1,7,1,0,1,1,306,168
1520,2017,2,11,1,2,7,1,0,1,1,421,114
1521,2017,2,5,3,3,7,1,0,1,1,418,231
1522,2017,2,6,5,2,7,1,1,1,2,303,90
1523,2017,2,9,2,2,7,1,0,1,1,455,215
1524,2017,2,11,3,1,7,1,0,1,1,291,91
1525,2017,2,5,2,3,7,1,0,1,1,447,203
1526,2017,2,9,2,1,7,1,0,1,1,399,94
1527,2017,2,6,1,1,7,1,0,1,1,399,131
1528,2017,2,12,5,1,7,1,0,1,1,306,68
1529,2017,2,12,3,2,7,1,0,1,1,416,116
1530,2017,2,5,5,2,7,1,0,1,1,447,128
1531,2017,2,6,2,2,7,1,0,1,1,455,248
1532,2017,2,10,4,1,7,1,0,1,1,381,103
1533,2017,2,10,5,2,7,1,0,1,1,447,90
1534,2017,2,10,5,1,7,1,0,1,1,306,75
1535,2017,2,4,5,2,7,1,0,1,1,447,125
1536,2017,2,6,1,3,7,1,0,1,1,386,123
1537,2017,2,11,2,2,7,1,0,1,1,455,191
1538,2017,2,3,4,3,7,1,0,1,1,399,118
1539,2017,2,11,2,3,7,1,0,1,1,447,119
1540,2017,2,7,2,1,7,1,0,1,1,399,118
1541,2017,2,2,4,2,7,1,0,1,1,269,141
1542,2017,2,4,4,1,7,1,0,1,1,381,152
1543,2017,2,12,3,1,7,1,0,1,1,291,105
1544,2017,2,5,5,3,7,3,0,1,1,354,341
1545,2017,2,5,5,3,7,1,1,1,1,404,75
1546,2017,2,1,3,2,7,1,0,1,1,416,300
1547,2017,2,2,3,4,7,1,0,1,2,344,231
1548,2017,2,11,3,2,7,1,0,1,1,416,96
1549,2017,2,7,4,2,7,1,0,1,1,269,73
1550,2017,2,12,2,1,7,1,1,1,1,404,55
1551,2017,2,12,4,2,7,1,0,1,1,269,74
1552,2017,2,4,2,2,7,1,1,1,2,321,107
1553,2017,2,4,2,2,7,1,0,1,1,455,317
1554,2017,2,11,2,1,7,1,1,1,1,404,63
1555,2017,2,12,5,2,7,1,0,1,1,447,74
1556,2017,2,4,4,3,7,1,0,1,1,399,86
1557,2017,2,5,1,2,7,1,0,1,1,421,174
1558,2017,2,7,4,4,7,1,0,1,1,374,75
1559,2017,2,7,4,1,7,1,0,1,1,397,154
1560,2017,2,7,4,1,7,1,0,1,1,381,121
1561,2017,2,8,3,4,7,1,0,1,2,344,177
1562,2017,2,11,3,1,7,1,1,1,1,404,61
1563,2017,2,9,3,2,7,1,0,0,1,271,88
1564,2017,2,3,4,2,7,1,0,1,1,269,120
1565,2017,2,3,3,3,7,1,0,1,1,418,265
1566,2017,2,7,2,2,7,1,0,1,1,455,254
1567,2017,2,9,1,1,7,1,0,1,1,399,92
1568,2017,2,4,4,4,7,1,0,1,1,374,93
1569,2017,2,10,4,1,7,1,0,1,1,397,96
1570,2017,2,2,5,2,7,1,0,1,1,447,213
1571,2017,2,10,4,3,7,1,0,1,1,399,67
1572,2017,2,10,4,2,7,1,0,1,1,269,79
1573,2017,2,4,5,1,7,1,0,1,1,306,120
1574,2017,2,9,2,3,7,1,0,1,1,447,107
1575,2017,2,12,2,2,7,1,0,1,1,455,183
1576,2017,2,11,2,1,7,1,0,1,1,399,64
1577,2017,2,5,5,2,7,1,0,1,1,238,81
1578,2017,2,5,5,2,7,1,1,1,2,303,95
1579,2017,2,12,5,2,7,1,1,1,2,303,62
1580,2017,2,6,3,4,7,1,0,1,2,344,173
1581,2017,2,1,3,4,7,1,0,1,2,344,236
1582,2017,2,1,3,3,7,1,0,1,1,400,192
1583,2017,2,1,3,1,7,1,0,1,1,291,216
1584,2017,2,10,5,4,7,3,0,1,1,326,295
1585,2017,2,8,3,3,7,1,0,1,1,418,184
1586,2017,2,3,4,1,7,1,0,1,1,397,197
1587,2017,2,3,4,1,7,1,0,1,1,381,161
1588,2017,2,3,3,3,7,1,0,1,1,400,194
1589,2017,2,1,2,2,7,1,0,0,1,231,70
1590,2017,2,7,2,2,7,1,1,1,2,321,71
1591,2017,2,5,1,1,7,1,0,1,1,418,176
1592,2017,2,6,5,2,7,1,0,1,1,238,74
1593,2017,2,6,4,4,7,1,0,1,1,374,68
1594,2017,2,6,4,1,7,1,0,1,1,397,169
1595,2017,2,6,4,3,7,1,0,1,1,399,70
1596,2017,2,12,2,3,7,1,0,1,1,447,90
1597,2017,2,12,4,1,7,1,0,1,1,381,90
1598,2017,2,12,2,1,7,1,0,1,1,399,59
1599,2017,2,12,4,1,7,1,0,1,1,397,101
1600,2017,2,7,5,4,7,3,0,1,1,326,292
1601,2017,2,2,5,2,7,1,1,1,2,303,170
1602,2017,2,2,5,2,7,1,0,1,1,238,123
1603,2017,2,9,4,1,7,1,0,1,1,381,96
1604,2017,2,9,4,3,7,1,0,1,1,399,55
1605,2017,2,11,3,3,7,1,0,1,1,418,166
1606,2017,2,3,4,4,7,1,0,1,1,374,120
1607,2017,2,9,3,1,7,1,0,1,1,291,115
1608,2017,2,12,4,4,7,1,0,1,1,374,57
1609,2017,2,1,3,2,7,1,0,0,1,271,174
1610,2017,2,2,3,2,7,1,0,1,1,416,163
1611,2017,2,7,2,3,7,1,0,1,1,447,141
1612,2017,2,3,3,4,7,1,0,1,2,344,237
1613,2017,2,1,2,1,7,1,0,1,1,399,215
1614,2017,2,6,3,3,7,1,0,1,1,418,198
1615,2017,2,6,3,3,7,1,0,1,1,400,140
1616,2017,2,6,2,3,7,1,0,1,1,447,157
1617,2017,2,1,3,1,7,1,1,1,1,404,90
1618,2017,2,9,3,2,7,1,0,1,1,416,144
1619,2017,2,8,5,2,7,1,0,1,1,447,194
1620,2017,2,6,2,1,7,1,0,1,1,399,141
1621,2017,2,12,2,2,7,1,1,1,2,321,51
1622,2017,2,11,4,4,7,1,0,1,1,374,67
1623,2017,2,2,3,1,7,1,0,1,1,291,197
1624,2017,2,1,2,1,7,1,1,1,1,404,122
1625,2017,2,4,4,1,7,1,0,1,1,397,159
1626,2017,2,12,3,3,7,1,0,1,1,400,128
1627,2017,2,8,4,2,7,1,0,1,1,269,65
1628,2017,2,10,3,1,7,1,1,1,1,404,61
1629,2017,2,10,3,2,7,1,0,0,1,271,69
1630,2017,2,9,5,3,7,3,0,1,1,354,300
1631,2017,2,8,5,2,7,1,1,1,2,303,85
1632,2017,2,11,1,1,7,1,0,1,1,399,86
1633,2017,2,8,5,1,7,1,0,1,1,306,140
1634,2017,2,7,3,3,7,1,0,1,1,418,169
1635,2017,2,6,3,2,7,1,0,0,1,271,127
1636,2017,2,2,3,3,7,1,0,1,1,400,210
1637,2017,2,1,5,1,7,1,0,1,1,306,175
1638,2017,2,8,4,1,7,1,0,1,1,397,134
1639,2017,2,9,1,3,7,1,0,1,1,296,59
1640,2017,2,8,4,3,7,1,0,1,1,399,67
1641,2017,2,11,1,3,7,1,0,1,1,296,59
1642,2017,2,2,3,3,7,1,0,1,1,418,294
1643,2017,2,2,1,1,7,1,0,1,1,399,247
1644,2017,2,12,3,4,7,1,0,1,2,344,126
1645,2017,2,9,3,3,7,1,0,1,1,400,131
1646,2017,2,5,1,4,7,1,0,1,1,133,50
1647,2017,2,1,5,2,7,1,0,1,1,447,225
1648,2017,2,1,1,1,7,1,0,1,1,399,273
1649,2017,2,7,5,1,7,1,0,1,1,306,90
1650,2017,2,8,4,1,7,1,0,1,1,381,113
1651,2017,2,7,1,1,7,1,0,1,1,399,89
1652,2017,2,6,3,1,7,1,0,1,1,291,118
1653,2017,2,4,5,2,7,1,1,1,2,303,100
1654,2017,2,6,3,1,7,1,1,1,1,404,83
1655,2017,2,11,5,2,7,1,1,1,2,303,65
1656,2017,2,12,1,3,7,1,0,1,1,296,70
1657,2017,2,11,5,2,7,1,0,1,1,447,90
1658,2017,2,9,3,3,7,1,0,1,1,418,190
1659,2017,2,1,4,3,7,1,0,1,1,399,249
1660,2017,2,8,2,1,7,1,0,1,1,399,91
1661,2017,2,1,1,3,7,1,0,1,1,296,158
1662,2017,2,7,5,2,7,1,0,1,1,447,101
1663,2017,2,7,3,2,7,1,0,0,1,271,112
1664,2017,2,1,4,2,7,1,0,1,1,269,177
1665,2017,2,4,5,2,7,1,0,1,1,238,97
1666,2017,2,9,4,1,7,1,0,1,1,397,121
1667,2017,2,10,3,1,7,1,0,1,1,291,125
1668,2017,2,11,4,2,7,1,0,1,1,269,59
1669,2017,2,12,1,1,7,1,0,1,1,399,77
1670,2017,2,9,1,1,7,1,0,1,1,418,104
1671,2017,2,12,1,2,7,1,0,1,1,421,108
1672,2017,2,8,5,2,7,1,0,1,1,238,53
1673,2017,2,1,1,2,7,1,0,1,1,421,225
1674,2017,2,11,4,1,7,1,0,1,1,381,82
1675,2017,2,2,2,2,7,1,0,0,1,231,72
1676,2017,2,5,1,3,7,1,0,1,1,386,167
1677,2017,2,6,3,2,7,1,0,1,1,416,146
1678,2017,2,10,3,2,7,1,0,1,1,416,103
1679,2017,2,7,1,3,7,1,0,1,1,296,65
1680,2017,2,7,3,1,7,1,0,1,1,291,124
1681,2017,2,7,1,3,7,1,0,1,1,386,98
1682,2017,2,7,3,1,7,1,1,1,1,404,68
1683,2017,2,1,4,4,7,1,0,1,1,374,173
1684,2017,2,1,4,1,7,1,0,1,1,381,197
1685,2017,2,1,1,3,7,1,0,1,1,386,188
1686,2017,2,11,4,1,7,1,0,1,1,397,88
1687,2017,2,11,4,3,7,1,0,1,1,399,78
1688,2017,2,10,3,4,7,1,0,1,2,344,106
1689,2017,2,11,5,1,7,1,0,1,1,306,60
1690,2017,2,7,1,2,7,1,0,1,1,421,144
1691,2017,2,12,3,3,7,1,0,1,1,418,135
1692,2017,2,7,3,2,7,1,0,1,1,416,157
1693,2017,2,2,2,1,7,1,0,1,1,399,208
1694,2017,2,12,1,3,7,1,0,1,1,386,88
1695,2017,2,7,3,4,7,1,0,1,2,344,162
1696,2017,2,8,2,2,7,1,0,1,1,455,221
1697,2017,2,6,2,1,7,1,1,1,1,404,68
1698,2017,2,9,1,2,7,1,0,1,1,421,130
1699,2017,2,7,5,2,7,1,1,1,2,303,75
1700,2017,2,1,2,3,7,1,0,1,1,447,267
1701,2017,2,10,3,3,7,1,0,1,1,400,107
1702,2017,2,1,4,1,7,1,0,1,1,397,232
1703,2017,2,10,3,3,7,1,0,1,1,418,166
1704,2017,2,1,2,2,7,1,1,1,2,321,202
1705,2017,2,2,2,2,7,1,1,1,2,321,177
1706,2017,2,7,1,1,7,1,0,1,1,418,128
1707,2017,2,8,2,3,7,1,0,1,1,447,136
1708,2017,2,7,3,3,7,1,0,1,1,400,156
1709,2017,2,8,4,4,7,1,0,1,1,374,66
1710,2017,2,9,1,4,7,1,0,1,1,133,128
1711,2017,2,2,2,3,7,1,0,1,1,447,279
1712,2017,2,12,1,1,7,1,0,1,1,418,96
1713,2017,2,1,5,3,7,1,1,1,1,404,93
1714,2017,2,13,5,4,7,3,0,1,1,326,284
1715,2017,2,8,2,1,7,1,1,1,1,404,57
1716,2017,2,2,3,1,7,1,1,1,1,404,142
1717,2017,2,2,2,1,7,1,1,1,1,404,130
1718,2017,2,1,2,2,7,1,0,1,1,455,254
1719,2017,2,2,2,2,7,1,0,1,1,455,292
1720,2017,2,1,5,2,7,1,1,1,2,303,156
1721,2017,2,9,1,3,7,1,0,1,1,386,115
1722,2017,2,2,3,2,7,1,0,0,1,271,173
1723,2017,2,1,1,4,7,1,0,1,1,133,91
1724,2017,2,1,1,1,7,1,0,1,1,418,317
1725,2017,2,5,2,1,8,1,0,1,1,159,122
1726,2017,2,5,2,2,8,1,1,3,1,185,37
1727,2017,2,6,1,3,8,1,0,1,2,79,65
1728,2017,2,5,3,2,8,1,0,1,1,211,137
1729,2017,2,3,1,2,8,1,0,1,1,81,50
1730,2017,2,5,2,3,8,1,1,2,2,163,130
1731,2017,2,4,1,3,8,1,0,1,2,79,53
1732,2017,2,3,1,1,8,1,0,0,1,128,46
1733,2017,2,3,3,1,8,1,0,1,1,102,75
1734,2017,2,5,3,3,8,1,1,1,2,157,49
1735,2017,2,5,3,1,8,1,1,1,1,90,37
1736,2017,2,8,3,2,8,1,0,1,1,211,38
1737,2017,2,4,3,3,8,1,1,1,2,157,57
1738,2017,2,10,3,2,8,1,1,2,1,197,78
1739,2017,2,3,1,2,8,1,0,1,1,145,75
1740,2017,2,11,3,2,8,1,0,1,1,211,90
1741,2017,2,9,3,2,8,1,1,2,1,197,67
1742,2017,2,5,3,1,8,1,0,1,1,212,30
1743,2017,2,5,2,1,8,1,0,1,1,120,101
1744,2017,2,3,2,1,8,1,0,1,1,120,109
1745,2017,2,4,1,2,8,1,0,1,1,145,61
1746,2017,2,3,3,4,8,1,0,1,2,193,161
1747,2017,2,3,1,1,8,1,0,0,1,137,63
1748,2017,2,4,5,2,8,1,0,1,1,167,81
1749,2017,2,8,1,2,8,1,0,1,1,57,24
1750,2017,2,11,3,4,8,1,0,1,2,193,77
1751,2017,2,11,3,1,8,1,0,1,1,102,34
1752,2017,2,3,5,1,8,1,1,2,2,181,130
1753,2017,2,3,1,3,8,1,0,1,2,79,70
1754,2017,2,3,2,3,8,1,1,2,2,163,155
1755,2017,2,11,3,3,8,1,1,1,2,157,30
1756,2017,2,3,1,2,8,1,0,1,1,125,91
1757,2017,2,4,5,1,8,1,0,1,1,32,26
1758,2017,2,5,3,4,8,1,0,1,2,193,104
1759,2017,2,3,3,1,8,1,0,1,1,212,45
1760,2017,2,5,3,1,8,1,0,1,1,102,57
1761,2017,2,3,3,2,8,1,1,2,1,197,138
1762,2017,2,3,1,1,8,1,0,1,1,212,72
1763,2017,2,3,2,2,8,1,1,3,1,185,76
1764,2017,2,4,5,1,8,1,0,1,1,226,75
1765,2017,2,10,5,1,8,1,1,2,2,181,77
1766,2017,2,5,1,2,8,1,0,1,1,81,28
1767,2017,2,10,5,2,8,1,0,1,1,167,37
1768,2017,2,4,5,1,8,1,1,2,2,181,156
1769,2017,2,10,5,1,8,1,0,1,1,226,44
1770,2017,2,3,4,3,8,1,0,1,1,194,94
1771,2017,2,3,4,2,8,1,0,1,2,160,142
1772,2017,2,6,1,2,8,1,0,1,1,125,110
1773,2017,2,11,2,1,8,1,0,1,1,159,133
1774,2017,2,12,3,2,8,1,1,2,1,197,51
1775,2017,2,5,3,2,8,1,1,2,1,197,133
1776,2017,2,4,1,2,8,1,0,1,1,125,86
1777,2017,2,3,3,1,8,1,1,1,1,90,54
1778,2017,2,10,4,2,8,1,0,1,1,105,56
1779,2017,2,6,4,2,8,1,0,1,1,105,59
1780,2017,2,10,2,1,8,1,0,1,1,120,90
1781,2017,2,7,2,1,8,1,0,1,1,120,82
1782,2017,2,9,2,3,8,1,1,2,2,163,145
1783,2017,2,3,5,2,8,1,0,1,1,167,85
1784,2017,2,3,5,1,8,1,0,1,1,32,26
1785,2017,2,2,4,1,8,1,0,1,1,149,84
1786,2017,2,2,5,2,8,1,0,1,1,167,92
1787,2017,2,3,2,1,8,1,0,1,1,159,141
1788,2017,2,2,5,1,8,1,0,1,1,226,101
1789,2017,2,7,4,2,8,1,0,1,2,160,149
1790,2017,2,11,1,1,8,1,0,1,1,212,30
1791,2017,2,11,1,1,8,1,0,0,1,137,39
1792,2017,2,11,1,2,8,1,0,1,2,45,36
1793,2017,2,5,4,3,8,1,0,1,1,194,84
1794,2017,2,12,3,1,8,1,0,1,1,102,37
1795,2017,2,12,3,1,8,1,0,1,1,212,32
1796,2017,2,4,1,2,8,1,0,1,1,81,36
1797,2017,2,3,3,3,8,1,1,1,2,157,74
1798,2017,2,2,5,1,8,1,0,1,1,32,24
1799,2017,2,3,3,2,8,1,0,1,1,211,154
1800,2017,2,10,4,1,8,1,0,1,1,149,27
1801,2017,2,5,1,1,8,1,0,0,1,137,56
1802,2017,2,7,1,2,8,1,0,1,1,81,24
1803,2017,2,4,1,1,8,1,0,1,1,212,59
1804,2017,2,4,1,1,8,1,0,0,1,137,55
1805,2017,2,2,4,3,8,1,0,1,1,194,132
1806,2017,2,2,4,2,8,1,0,1,2,160,142
1807,2017,2,1,1,1,8,1,0,0,1,128,47
1808,2017,2,10,4,2,8,1,0,1,2,160,95
1809,2017,2,1,1,2,8,1,0,1,1,81,46
1810,2017,2,9,4,2,8,1,0,1,2,160,24
1811,2017,2,7,2,2,8,1,1,3,1,185,40
1812,2017,2,12,4,3,8,1,0,1,1,194,54
1813,2017,2,12,3,1,8,1,0,1,1,102,37
1814,2017,2,9,3,1,8,1,0,1,1,102,43
1815,2017,2,4,1,1,8,1,0,0,1,128,36
1816,2017,2,5,5,1,8,1,1,2,2,181,146
1817,2017,2,10,4,3,8,1,0,1,1,194,79
1818,2017,2,6,5,1,8,1,1,2,2,181,108
1819,2017,2,2,5,1,8,1,1,2,2,181,162
1820,2017,2,5,1,1,8,1,0,0,1,128,41
1821,2017,2,7,4,3,8,1,0,1,1,194,74
1822,2017,2,7,1,1,8,1,0,0,1,128,30
1823,2017,2,9,1,2,8,1,0,1,1,81,25
1824,2017,2,3,4,1,8,1,0,1,1,149,58
1825,2017,2,12,5,1,8,1,1,2,2,181,79
1826,2017,2,11,2,3,8,1,1,2,2,163,88
1827,2017,2,4,3,1,8,1,1,1,1,90,43
1828,2017,2,9,4,3,8,1,0,1,1,194,104
1829,2017,2,13,1,3,8,1,0,1,2,79,72
1830,2017,2,9,5,2,8,1,0,1,1,167,46
1831,2017,2,11,1,3,8,1,0,1,2,79,72
1832,2017,2,10,3,4,8,1,0,1,2,193,176
1833,2017,2,9,2,1,8,1,0,1,1,159,34
1834,2017,2,7,4,2,8,1,0,1,1,105,50
1835,2017,2,12,4,1,8,1,0,1,1,149,51
1836,2017,2,6,1,1,8,1,0,1,1,212,48
1837,2017,2,7,2,1,8,1,0,1,1,159,85
1838,2017,2,9,1,1,8,1,0,0,1,137,38
1839,2017,2,5,1,3,8,1,0,1,2,79,50
1840,2017,2,5,1,1,8,1,0,1,1,212,65
1841,2017,2,12,3,2,8,1,0,1,1,211,100
1842,2017,2,9,3,3,8,1,1,1,2,157,38
1843,2017,2,9,3,2,8,1,0,1,1,211,102
1844,2017,2,6,5,1,8,1,0,1,1,226,53
1845,2017,2,12,4,2,8,1,0,1,2,160,94
1846,2017,2,10,3,1,8,1,0,1,1,102,31
1847,2017,2,12,2,3,8,1,1,2,2,163,25
1848,2017,2,5,4,2,8,1,0,1,2,160,100
1849,2017,2,5,4,1,8,1,0,1,1,149,45
1850,2017,2,11,3,1,8,1,0,1,1,102,34
1851,2017,2,8,1,1,8,1,0,0,1,137,44
1852,2017,2,2,4,2,8,1,0,1,1,105,74
1853,2017,2,9,5,1,8,1,1,2,2,181,55
1854,2017,2,12,3,3,8,1,1,1,2,157,48
1855,2017,2,4,3,4,8,1,0,1,2,193,189
1856,2017,2,4,3,1,8,1,0,1,1,102,72
1857,2017,2,7,4,1,8,1,0,1,1,149,33
1858,2017,2,10,2,1,8,1,0,1,1,159,92
1859,2017,2,10,3,1,8,1,0,1,1,102,31
1860,2017,2,12,4,2,8,1,0,1,1,105,52
1861,2017,2,8,5,1,8,1,0,1,1,226,38
1862,2017,2,1,2,1,8,1,0,1,1,120,98
1863,2017,2,8,4,1,8,1,0,1,1,149,32
1864,2017,2,8,4,2,8,1,0,1,1,105,85
1865,2017,2,6,5,2,8,1,0,1,1,167,56
1866,2017,2,6,1,1,8,1,0,0,1,128,114
1867,2017,2,7,3,2,8,1,1,2,1,197,104
1868,2017,2,7,5,1,8,1,0,1,1,226,59
1869,2017,2,6,4,3,8,1,0,1,1,194,69
1870,2017,2,6,4,1,8,1,0,1,1,149,40
1871,2017,2,4,4,2,8,1,0,1,1,105,77
1872,2017,2,12,3,4,8,1,0,1,2,193,143
1873,2017,2,12,5,2,8,1,0,1,1,167,50
1874,2017,2,5,5,2,8,1,0,1,1,167,52
1875,2017,2,8,1,1,8,1,0,0,1,128,25
1876,2017,2,2,3,2,8,1,1,2,1,197,149
1877,2017,2,11,3,2,8,1,1,2,1,197,82
1878,2017,2,6,4,2,8,1,0,1,2,160,105
1879,2017,2,4,4,1,8,1,0,1,1,149,70
1880,2017,2,4,2,1,8,1,0,1,1,120,82
1881,2017,2,1,3,2,8,1,0,1,1,211,126
1882,2017,2,1,3,4,8,1,0,1,2,193,146
1883,2017,2,1,2,2,8,1,1,3,1,185,120
1884,2017,2,1,1,1,8,1,0,0,1,137,52
1885,2017,2,5,4,2,8,1,0,1,1,105,67
1886,2017,2,2,2,1,8,1,0,1,1,120,120
1887,2017,2,9,1,1,8,1,0,1,1,212,36
1888,2017,2,4,4,3,8,1,0,1,1,194,78
1889,2017,2,4,2,2,8,1,1,3,1,185,65
1890,2017,2,7,1,1,8,1,0,1,1,212,38
1891,2017,2,7,1,1,8,1,0,0,1,137,43
1892,2017,2,2,1,1,8,1,0,1,1,212,119
1893,2017,2,1,1,1,8,1,0,1,1,212,112
1894,2017,2,6,1,1,8,1,0,0,1,137,43
1895,2017,2,7,5,2,8,1,0,1,1,167,160
1896,2017,2,2,3,1,8,1,0,1,1,102,75
1897,2017,2,8,4,3,8,1,0,1,1,194,57
1898,2017,2,4,2,1,8,1,0,1,1,159,130
1899,2017,2,4,4,2,8,1,0,1,2,160,114
1900,2017,2,7,1,2,8,1,0,1,2,45,41
1901,2017,2,8,3,4,8,1,0,1,2,193,68
1902,2017,2,1,3,3,8,1,1,1,2,157,62
1903,2017,2,4,3,1,8,1,0,1,1,212,48
1904,2017,2,6,2,1,8,1,0,1,1,159,145
1905,2017,2,2,1,2,8,1,0,1,1,145,105
1906,2017,2,2,1,1,8,1,0,0,1,137,61
1907,2017,2,2,3,1,8,1,0,1,1,212,78
1908,2017,2,1,1,3,8,1,0,1,2,79,61
1909,2017,2,7,5,1,8,1,1,2,2,181,115
1910,2017,2,8,4,2,8,1,0,1,2,160,72
1911,2017,2,4,2,3,8,1,1,2,2,163,140
1912,2017,2,5,1,2,8,1,0,1,1,125,80
1913,2017,2,11,5,1,8,1,0,1,1,226,40
1914,2017,2,10,3,2,8,1,0,1,1,211,65
1915,2017,2,2,1,3,8,1,0,1,2,79,73
1916,2017,2,1,2,3,8,1,1,2,2,163,163
1917,2017,2,1,2,1,8,1,0,1,1,159,149
1918,2017,2,2,3,4,8,1,0,1,2,193,162
1919,2017,2,7,3,2,8,1,0,1,1,211,107
1920,2017,2,2,2,2,8,1,1,3,1,185,111
1921,2017,2,9,1,2,8,1,0,1,2,45,36
1922,2017,2,3,5,1,8,1,0,1,1,226,99
1923,2017,2,5,5,1,8,1,0,1,1,32,25
1924,2017,2,11,2,1,8,1,0,1,1,120,42
1925,2017,2,2,1,2,8,1,0,1,1,125,91
1926,2017,2,12,5,1,8,1,0,1,1,226,33
1927,2017,2,6,3,4,8,1,0,1,2,193,133
1928,2017,2,2,3,1,8,1,1,1,1,90,61
1929,2017,2,1,3,2,8,1,1,2,1,197,140
1930,2017,2,7,3,3,8,1,1,1,2,157,24
1931,2017,2,1,5,1,8,1,0,1,1,226,99
1932,2017,2,7,3,4,8,1,0,1,2,193,157
1933,2017,2,7,3,1,8,1,0,1,1,102,38
1934,2017,2,10,3,3,8,1,1,1,2,157,36
1935,2017,2,7,1,3,8,1,0,1,2,79,46
1936,2017,2,8,5,1,8,1,1,2,2,181,103
1937,2017,2,11,5,2,8,1,0,1,1,167,35
1938,2017,2,4,3,2,8,1,1,2,1,197,133
1939,2017,2,1,3,1,8,1,1,1,1,90,54
1940,2017,2,8,3,2,8,1,1,2,1,197,26
1941,2017,2,1,3,1,8,1,0,1,1,102,83
1942,2017,2,11,4,3,8,1,0,1,1,194,58
1943,2017,2,11,4,2,8,1,0,1,1,105,50
1944,2017,2,1,4,1,8,1,0,1,1,149,94
1945,2017,2,12,1,2,8,1,0,1,2,45,37
1946,2017,2,1,4,2,8,1,0,1,1,105,105
1947,2017,2,12,1,1,8,1,0,1,1,212,32
1948,2017,2,7,3,1,8,1,0,1,1,212,31
1949,2017,2,8,1,2,8,1,0,1,1,81,25
1950,2017,2,6,3,1,8,1,1,1,1,90,34
1951,2017,2,6,2,3,8,1,1,2,2,163,103
1952,2017,2,1,3,1,8,1,0,1,1,212,137
1953,2017,2,1,1,2,8,1,0,1,1,145,82
1954,2017,2,2,2,3,8,1,1,2,2,163,60
1955,2017,2,9,1,3,8,1,0,1,2,79,72
1956,2017,2,12,1,3,8,1,0,1,2,79,59
1957,2017,2,1,4,3,8,1,0,1,1,194,144
1958,2017,2,1,5,1,8,1,1,2,2,181,157
1959,2017,2,1,4,2,8,1,0,1,2,160,160
1960,2017,2,12,1,1,8,1,0,0,1,137,36
1961,2017,2,6,3,2,8,1,0,1,1,211,136
1962,2017,2,2,2,1,8,1,0,1,1,159,141
1963,2017,2,1,5,2,8,1,0,1,1,167,93
1964,2017,2,1,5,1,8,1,0,1,1,32,32
1965,2017,2,11,4,2,8,1,0,1,2,160,92
1966,2017,2,6,3,3,8,1,1,1,2,157,40
1967,2017,2,6,3,1,8,1,0,1,1,212,35
1968,2017,2,6,3,2,8,1,1,2,1,197,122
1969,2017,2,1,1,2,8,1,0,1,1,125,93
1970,2017,2,6,2,1,8,1,0,1,1,120,100
1971,2017,2,11,5,1,8,1,1,2,2,181,87
1972,2017,2,2,1,1,8,1,0,0,1,128,42
1973,2017,2,2,3,2,8,1,0,1,1,211,164
1974,2017,2,2,1,2,8,1,0,1,1,81,49
1975,2017,2,2,3,3,8,1,1,1,2,157,93
1976,2017,2,6,3,1,8,1,0,1,1,102,54
1977,2017,2,6,2,2,8,1,1,3,1,185,39
1978,2017,2,6,4,1,9,1,0,1,1,235,40
1979,2017,2,5,1,1,9,1,1,1,1,363,125
1980,2017,2,2,3,1,9,1,0,1,1,274,148
1981,2017,2,3,1,2,9,1,0,1,1,311,177
1982,2017,2,4,5,3,9,1,1,3,1,81,45
1983,2017,2,2,3,4,9,1,0,1,1,287,113
1984,2017,2,1,1,1,9,1,1,1,1,363,215
1985,2017,2,1,3,2,9,1,1,3,1,81,66
1986,2017,2,1,3,1,9,1,0,1,1,226,146
1987,2017,2,3,2,2,9,1,0,1,1,269,141
1988,2017,2,2,3,3,9,1,0,1,1,311,140
1989,2017,2,5,1,2,9,1,0,1,1,290,169
1990,2017,2,1,4,3,9,1,0,1,1,85,51
1991,2017,2,3,1,1,9,1,1,1,1,363,161
1992,2017,2,5,1,2,9,1,0,1,1,311,115
1993,2017,2,3,2,1,9,1,0,1,1,236,145
1994,2017,2,8,4,2,9,1,0,1,1,291,46
1995,2017,2,3,1,3,9,1,0,1,1,226,147
1996,2017,2,4,5,1,9,1,0,1,1,274,107
1997,2017,2,7,5,1,9,1,0,1,1,274,44
1998,2017,2,7,1,2,9,1,0,1,1,290,48
1999,2017,2,1,1,3,9,1,0,1,1,226,149
2000,2017,2,5,3,1,9,1,0,1,1,274,116
2001,2017,2,2,4,1,9,1,0,1,1,32,32
2002,2017,2,6,4,2,9,1,0,1,1,291,40
2003,2017,2,4,5,2,9,1,0,1,1,253,118
2004,2017,2,2,2,1,9,1,0,1,1,85,45
2005,2017,2,4,2,1,9,1,0,1,1,236,122
2006,2017,2,8,1,3,9,1,0,1,1,226,56
2007,2017,2,1,1,2,9,1,0,1,1,311,188
2008,2017,2,2,4,3,9,1,0,1,1,85,50
2009,2017,2,5,3,2,9,1,0,1,1,253,119
2010,2017,2,2,2,3,9,1,1,3,1,81,47
2011,2017,2,1,3,3,9,1,0,1,1,311,201
2012,2017,2,1,3,4,9,1,0,1,1,287,108
2013,2017,2,6,3,1,9,1,0,1,1,274,55
2014,2017,2,7,1,1,9,1,1,1,1,363,55
2015,2017,2,1,4,2,9,1,0,1,1,291,226
2016,2017,2,3,5,3,9,1,1,3,1,81,50
2017,2017,2,3,3,3,9,1,0,1,1,311,126
2018,2017,2,1,3,2,9,1,0,1,1,253,125
2019,2017,2,1,3,1,9,1,0,1,1,274,167
2020,2017,2,2,2,3,9,1,0,1,1,253,136
2021,2017,2,4,1,3,9,1,0,1,1,226,120
2022,2017,2,1,1,2,9,1,0,1,1,290,197
2023,2017,2,5,3,3,9,1,0,1,1,311,107
2024,2017,2,1,2,1,9,1,0,1,1,236,192
2025,2017,2,3,3,1,9,1,0,1,1,274,133
2026,2017,2,5,3,1,9,1,0,1,1,226,92
2027,2017,2,5,2,1,9,1,0,1,1,236,112
2028,2017,2,5,1,3,9,1,0,1,1,226,105
2029,2017,2,5,2,1,9,1,0,1,1,85,38
2030,2017,2,2,1,1,9,1,1,1,1,363,181
2031,2017,2,2,1,3,9,1,0,1,1,226,138
2032,2017,2,4,2,2,9,1,0,1,1,269,103
2033,2017,2,11,4,2,9,1,0,1,1,291,52
2034,2017,2,6,2,2,9,1,0,1,1,269,89
2035,2017,2,6,2,3,9,1,0,1,1,253,44
2036,2017,2,11,2,1,9,1,0,1,1,236,42
2037,2017,2,5,2,3,9,1,0,1,1,253,112
2038,2017,2,6,3,3,9,1,0,1,1,311,66
2039,2017,2,7,1,2,9,1,0,1,1,311,51
2040,2017,2,2,4,1,9,1,0,1,1,235,145
2041,2017,2,3,5,1,9,1,0,1,1,274,119
2042,2017,2,5,3,4,9,1,0,1,1,287,65
2043,2017,2,5,5,2,9,1,0,1,1,253,93
2044,2017,2,3,5,2,9,1,0,1,1,253,137
2045,2017,2,1,5,3,9,1,1,3,1,81,65
2046,2017,2,1,5,2,9,1,0,1,1,85,43
2047,2017,2,3,3,1,9,1,0,1,1,226,126
2048,2017,2,3,3,2,9,1,0,1,1,253,138
2049,2017,2,5,2,2,9,1,0,1,1,269,93
2050,2017,2,2,2,2,9,1,0,1,1,269,171
2051,2017,2,4,1,1,9,1,1,1,1,363,155
2052,2017,2,6,2,1,9,1,0,1,1,236,97
2053,2017,2,1,4,1,9,1,0,1,1,235,143
2054,2017,2,10,2,1,9,1,0,1,1,236,51
2055,2017,2,9,1,2,9,1,0,1,1,290,72
2056,2017,2,9,1,2,9,1,0,1,1,311,46
2057,2017,2,5,5,1,9,1,0,1,1,274,91
2058,2017,2,9,1,3,9,1,0,1,1,226,40
2059,2017,2,7,2,3,9,1,0,1,1,253,38
2060,2017,2,3,3,4,9,1,0,1,1,287,104
2061,2017,2,5,3,2,9,1,1,3,1,81,62
2062,2017,2,8,2,1,9,1,0,1,1,236,42
2063,2017,2,3,4,3,9,1,0,1,1,85,48
2064,2017,2,10,4,2,9,1,0,1,1,291,44
2065,2017,2,8,3,1,9,1,0,1,1,274,37
2066,2017,2,8,3,3,9,1,0,1,1,311,43
2067,2017,2,1,2,3,9,1,1,3,1,81,53
2068,2017,2,1,2,1,9,1,0,1,1,85,60
2069,2017,2,6,5,1,9,1,0,1,1,274,41
2070,2017,2,3,4,2,9,1,0,1,1,291,180
2071,2017,2,12,1,2,9,1,0,1,1,290,39
2072,2017,2,12,1,2,9,1,0,1,1,311,47
2073,2017,2,12,1,3,9,1,0,1,1,226,72
2074,2017,2,2,3,1,9,1,0,1,1,226,148
2075,2017,2,2,3,2,9,1,0,1,1,253,180
2076,2017,2,10,3,1,9,1,0,1,1,274,42
2077,2017,2,10,3,1,9,1,0,1,1,226,39
2078,2017,2,11,1,2,9,1,0,1,1,290,46
2079,2017,2,11,1,2,9,1,0,1,1,311,49
2080,2017,2,3,4,1,9,1,0,1,1,235,106
2081,2017,2,4,1,2,9,1,0,1,1,311,152
2082,2017,2,1,5,1,9,1,0,1,1,274,113
2083,2017,2,1,5,2,9,1,0,1,1,253,123
2084,2017,2,4,2,3,9,1,0,1,1,253,119
2085,2017,2,4,2,3,9,1,1,3,1,81,49
2086,2017,2,1,2,3,9,1,0,1,1,253,151
2087,2017,2,2,1,2,9,1,0,1,1,290,216
2088,2017,2,2,1,2,9,1,0,1,1,311,180
2089,2017,2,8,5,1,9,1,0,1,1,274,88
2090,2017,2,7,4,2,9,1,0,1,1,291,52
2091,2017,2,3,2,3,9,1,0,1,1,253,132
2092,2017,2,3,2,3,9,1,1,3,1,81,53
2093,2017,2,3,2,1,9,1,0,1,1,85,40
2094,2017,2,2,3,2,9,1,1,3,1,81,81
2095,2017,2,2,3,3,9,1,0,1,1,32,32
2096,2017,2,9,3,1,9,1,0,1,1,274,40
2097,2017,2,2,4,2,9,1,0,1,1,291,229
2098,2017,2,11,1,3,9,1,0,1,1,226,52
2099,2017,2,12,4,2,9,1,0,1,1,291,43
2100,2017,2,6,1,2,9,1,0,1,1,290,151
2101,2017,2,6,1,2,9,1,0,1,1,311,115
2102,2017,2,6,1,1,9,1,1,1,1,363,111
2103,2017,2,6,1,3,9,1,0,1,1,226,85
2104,2017,2,1,2,2,9,1,0,1,1,269,157
2105,2017,2,2,2,1,9,1,0,1,1,236,157
2106,2017,2,7,2,1,9,1,0,1,1,236,40
2107,2017,2,4,3,4,9,1,0,1,1,287,75
2108,2017,2,4,3,3,9,1,0,1,1,311,133
2109,2017,2,4,3,1,9,1,0,1,1,274,128
2110,2017,2,4,3,1,9,1,0,1,1,226,110
2111,2017,2,4,3,2,9,1,0,1,1,253,165
2112,2017,2,4,3,2,9,1,1,3,1,81,51
2113,2017,2,2,5,1,9,1,0,1,1,274,119
2114,2017,2,2,5,2,9,1,0,1,1,253,143
2115,2017,2,2,5,3,9,1,1,3,1,81,59
2116,2017,2,2,5,2,9,1,0,1,1,85,37
2117,2017,2,9,3,3,9,1,0,1,1,311,42
2118,2017,2,10,5,1,9,1,0,1,1,274,38
2119,2017,2,9,4,1,9,1,0,1,1,235,54
2120,2017,2,9,4,2,9,1,0,1,1,291,104
2121,2017,2,3,3,2,9,1,1,3,1,81,61
2122,2017,2,3,3,3,9,1,0,1,1,32,32
2123,2017,2,4,1,2,9,1,0,1,1,290,163
2124,2017,2,5,4,1,9,1,0,1,1,235,108
2125,2017,2,5,4,2,9,1,0,1,1,291,55
2126,2017,2,8,1,2,9,1,0,1,1,290,39
2127,2017,2,8,1,2,9,1,0,1,1,311,52
2128,2017,2,8,1,1,9,1,1,1,1,363,47
2129,2017,2,11,3,1,9,1,0,1,1,226,39
2130,2017,2,6,5,2,9,1,0,1,1,253,41
2131,2017,2,7,3,3,9,1,0,1,1,311,52
2132,2017,2,7,3,1,9,1,0,1,1,274,42
2133,2017,2,9,2,1,9,1,0,1,1,236,41
2134,2017,2,3,1,2,9,1,0,1,1,290,192
2135,2017,2,4,4,1,9,1,0,1,1,235,105
2136,2017,2,4,4,2,9,1,0,1,1,291,243
