date,FTSE100,GDP,GVAph,GNIph,EG,IR,CPI,UR,EI,WEILFS,AWE,LC,M1,BDIR,BCIR,BoP,I,FDI,IP,RS,HP,PMI
01/01/1985,1280.8,99.37,48.8,1733,0.8,0.36,42.5,11.5,8581,63.1,5.5,11.5,83.8,3.42,5.05,-1289,20.97,277,20.97,72.7,50.51,54.2
01/02/1985,1259.7,99.37,48.8,1733,0.8,0.77,42.83,11.5,8578,63.1,5.5,11.5,83.8,3.42,5.05,-1289,20.97,277,20.97,72.7,50.51,54.2
01/03/1985,1277,99.37,48.8,1733,0.8,0.98,43.25,11.4,8572,63.1,5.5,11.4,83.8,3.42,5.05,-1289,20.97,277,20.97,72.7,50.51,54.2
01/04/1985,1291,100.24,48.8,1804,2.1,2.16,44.18,11.4,8581,64.4,5.5,11.4,83.8,3.42,5.05,245,19.9,-119,19.9,72.7,50.51,54.2
01/05/1985,1313,100.24,48.8,1804,2.1,0.42,44.36,11.4,8572,64.4,5.5,11.4,83.8,3.42,5.05,245,19.9,-119,19.9,72.7,50.51,54.2
01/06/1985,1234.9,100.24,48.8,1804,2.1,0.21,44.46,11.3,8572,64.4,5.5,11.3,83.8,3.42,5.05,245,19.9,-119,19.9,72.7,50.51,54.2
01/07/1985,1261.7,104.8,48.8,1832,0.1,-0.21,44.36,11.3,8568,64.2,5.5,11.3,83.8,3.42,5.05,82,20.53,-226,20.53,72.7,50.51,54.2
01/08/1985,1340.8,104.8,48.8,1832,0.1,0.32,44.5,11.3,8558,64.2,5.5,11.3,83.8,3.42,5.05,82,20.53,-226,20.53,72.7,50.51,54.2
01/09/1985,1290,104.8,48.8,1832,0.1,-0.1,44.46,11.3,8549,64.2,5.5,11.3,83.8,3.42,5.05,82,20.53,-226,20.53,72.7,50.51,54.2
01/10/1985,1377.2,110.02,49.2,1865,0.2,0.21,44.55,11.3,8544,64.3,5.5,11.3,83.8,3.42,5.05,-232,20.92,-1021,20.92,72.7,50.51,54.2
01/11/1985,1439.1,110.02,49.2,1865,0.2,0.31,44.69,11.3,8543,64.3,5.5,11.3,83.8,3.42,5.05,-232,20.92,-1021,20.92,72.7,50.51,54.2
01/12/1985,1412.6,110.02,49.2,1865,0.2,0.1,44.74,11.3,8543,64.3,5.5,11.3,83.8,3.42,5.05,-232,20.92,-1021,20.92,72.7,50.51,54.2
01/01/1986,1435,108.53,49.7,1904,1.1,0.21,44.83,11.3,8536,64.7,5.5,11.3,83.8,3.42,5.05,227,21.15,-163,21.15,72.7,50.51,54.2
01/02/1986,1543.9,108.53,49.7,1904,1.1,0.42,45.02,11.3,8531,64.7,5.5,11.3,83.8,3.42,5.05,227,21.15,-163,21.15,72.7,50.51,54.2
01/03/1986,1668.8,108.53,49.7,1904,1.1,0.1,45.06,11.3,8528,64.7,5.5,11.3,83.8,3.42,5.05,227,21.15,-163,21.15,72.7,50.51,54.2
01/04/1986,1660.5,108.05,50,1933,0.7,1.03,45.53,11.3,8523,65.2,5.5,11.3,83.8,3.42,5.05,-1123,20.91,-347,20.91,72.7,50.51,54.2
01/05/1986,1602.8,108.05,50,1933,0.7,0.1,45.58,11.3,8517,65.2,5.5,11.3,83.8,3.42,5.05,-1123,20.91,-347,20.91,72.7,50.51,54.2
01/06/1986,1649.8,108.05,50,1933,0.7,0,45.58,11.4,8495,65.2,5.5,11.4,83.8,3.42,5.05,-1123,20.91,-347,20.91,72.7,50.51,54.2
01/07/1986,1558.1,111.62,50.8,1958,0.5,-0.31,45.44,11.4,8467,65.5,5.5,11.4,83.8,3.42,5.05,-2023,22.4,-626,22.4,72.7,50.51,54.2
01/08/1986,1661.2,111.62,50.8,1958,0.5,0.31,45.58,11.4,8446,65.5,5.5,11.4,83.8,3.42,5.05,-2023,22.4,-626,22.4,72.7,50.51,54.2
01/09/1986,1555.8,111.62,50.8,1958,0.5,0.51,45.81,11.3,8441,65.5,5.5,11.3,83.8,3.42,5.05,-2023,22.4,-626,22.4,72.7,50.51,54.2
01/10/1986,1632.1,118.44,51.2,2026,1.8,0.2,45.9,11.3,8423,66.3,5.5,11.3,164.64,3.42,5.05,-1379,23.9,-2157,23.9,72.7,50.51,54.2
01/11/1986,1636.7,118.44,51.2,2026,1.8,0.81,46.28,11.3,8416,66.3,5.5,11.3,167.2,3.42,5.05,-1379,23.9,-2157,23.9,72.7,50.51,54.2
01/12/1986,1679,118.44,51.2,2026,1.8,0.3,46.42,11.2,8407,66.3,5.5,11.2,167.38,3.42,5.05,-1379,23.9,-2157,23.9,72.7,50.51,54.2
01/01/1987,1808.3,117.3,52.1,2083,0.9,0.4,46.6,11.2,8409,66.6,5.5,11.2,254.2,3.42,5.05,-191,23.5,-524,23.5,72.7,50.51,54.2
01/02/1987,1979.2,117.3,52.1,2083,0.9,0.4,46.79,11.1,8419,66.6,5.5,11.1,255.74,3.42,5.05,-191,23.5,-524,23.5,72.7,50.51,54.2
01/03/1987,1997.6,117.3,52.1,2083,0.9,0.2,46.88,11,8407,66.6,5.5,11,262.95,3.42,5.05,-191,23.5,-524,23.5,72.7,50.51,54.2
01/04/1987,2050.5,118.83,53.2,2139,1.5,1.19,47.44,10.9,8384,67.3,5.5,10.9,266.23,3.42,5.05,-1812,25.01,-837,25.01,72.7,50.51,54.2
01/05/1987,2203,118.83,53.2,2139,1.5,0.1,47.49,10.7,8360,67.3,5.5,10.7,270.62,3.42,5.05,-1812,25.01,-837,25.01,72.7,50.51,54.2
01/06/1987,2284.1,118.83,53.2,2139,1.5,0,47.49,10.6,8334,67.3,5.5,10.6,273.04,3.42,5.05,-1812,25.01,-837,25.01,72.7,50.51,54.2
01/07/1987,2360.9,127.02,53.8,2225,2.4,-0.1,47.44,10.4,8312,68.1,5.5,10.4,279.06,3.42,5.05,-2182,27.58,-864,27.58,72.7,50.51,54.2
01/08/1987,2249.7,127.02,53.8,2225,2.4,0.29,47.58,10.2,8283,68.1,5.5,10.2,280.86,3.42,5.05,-2182,27.58,-864,27.58,72.7,50.51,54.2
01/09/1987,2366,127.02,53.8,2225,2.4,0.29,47.72,10,8267,68.1,5.5,10,282.66,3.42,5.05,-2182,27.58,-864,27.58,72.7,50.51,54.2
01/10/1987,1749.8,132.99,54.7,2260,1.1,0.49,47.95,9.9,8250,68.2,5.5,9.9,288.62,3.42,5.05,-3630,28.55,-1290,28.55,72.7,50.51,54.2
01/11/1987,1579.9,132.99,54.7,2260,1.1,0.49,48.19,9.7,8230,68.2,5.5,9.7,291.41,3.42,5.05,-3630,28.55,-1290,28.55,72.7,50.51,54.2
01/12/1987,1713.9,132.99,54.7,2260,1.1,-0.1,48.14,9.5,8205,68.2,5.5,9.5,292.32,3.42,5.05,-3630,28.55,-1290,28.55,72.7,50.51,54.2
01/01/1988,1790.8,132.13,55,2333,1.8,0,48.14,9.4,8182,68.8,5.5,9.4,292.72,3.42,5.05,-4114,29.88,-866,29.88,72.7,50.51,54.2
01/02/1988,1768.8,132.13,55,2333,1.8,0.21,48.24,9.2,8169,68.8,5.5,9.2,293.71,3.42,5.05,-4114,29.88,-866,29.88,72.7,50.51,54.2
01/03/1988,1742.5,132.13,55,2333,1.8,0.41,48.44,9,8159,68.8,5.5,9,302.06,3.42,5.05,-4114,29.88,-866,29.88,72.7,50.51,54.2
01/04/1988,1802.2,134.22,55.9,2391,0.6,1.23,49.03,8.9,8153,68.7,5.5,8.9,303.42,3.42,5.05,-4246,31.16,-1203,31.16,72.7,50.51,54.2
01/05/1988,1784.5,134.22,55.9,2391,0.6,0.41,49.23,8.7,8140,68.7,5.5,8.7,306.7,3.42,5.05,-4246,31.16,-1203,31.16,72.7,50.51,54.2
01/06/1988,1857.6,134.22,55.9,2391,0.6,0.4,49.43,8.6,8134,68.7,5.5,8.6,314.49,3.42,5.05,-4246,31.16,-1203,31.16,72.7,50.51,54.2
01/07/1988,1853.6,140.85,56.5,2464,1.5,0,49.43,8.5,8121,69.3,5.5,8.5,321.04,3.42,5.05,-4365,32.39,-796,32.39,72.7,50.51,54.2
01/08/1988,1753.6,140.85,56.5,2464,1.5,0.4,49.63,8.4,8090,69.3,5.5,8.4,323.11,3.42,5.05,-4365,32.39,-796,32.39,72.7,50.51,54.2
01/09/1988,1826.5,140.85,56.5,2464,1.5,0.4,49.83,8.3,8065,69.3,5.5,8.3,330.17,3.42,5.05,-4365,32.39,-796,32.39,72.7,50.51,54.2
01/10/1988,1852.4,148.41,56.7,2538,0.9,0.4,50.03,8.2,8042,69.5,5.5,8.2,333.47,3.42,5.05,-6877,33.17,-2700,33.17,72.7,50.51,54.2
01/11/1988,1792.4,148.41,56.7,2538,0.9,0.4,50.23,8,8031,69.5,5.5,8,334.71,3.42,5.05,-6877,33.17,-2700,33.17,72.7,50.51,54.2
01/12/1988,1793.1,148.41,56.7,2538,0.9,0.2,50.33,7.9,8011,69.5,5.5,7.9,340.73,3.42,5.05,-6877,33.17,-2700,33.17,72.7,50.51,54.2
01/01/1989,2051.8,146.66,57,2602,0.4,0.2,50.43,7.7,7985,69.2,5.5,7.7,340.25,3.42,5.05,-5815,36.02,85,36.02,72.7,50.51,54.2
01/02/1989,2002.4,146.66,57,2602,0.4,0.39,50.63,7.6,7949,69.2,5.5,7.6,345.15,3.42,5.05,-5815,36.02,85,36.02,72.7,50.51,54.2
01/03/1989,2075,146.66,57,2602,0.4,0.39,50.82,7.4,7933,69.2,5.5,7.4,353.61,3.42,5.05,-5815,36.02,85,36.02,72.7,50.51,54.2
01/04/1989,2118,148.66,57.1,2640,0.7,1.37,51.52,7.3,7930,69.1,5.5,7.3,355.91,3.42,5.05,-6460,36.46,-480,36.46,72.7,50.51,54.2
01/05/1989,2114.4,148.66,57.1,2640,0.7,0.58,51.82,7.2,7936,69.1,5.5,7.2,362.9,3.42,5.05,-6460,36.46,-480,36.46,72.7,50.51,54.2
01/06/1989,2151,148.66,57.1,2640,0.7,0.38,52.02,7.2,7934,69.1,5.5,7.2,377.29,3.42,5.05,-6460,36.46,-480,36.46,72.7,50.51,54.2
01/07/1989,2297,155.79,57.3,2705,0.1,0,52.02,7.1,7938,69.1,5.5,7.1,379.17,3.42,5.05,-7080,38.14,-1071,38.14,72.7,50.51,54.2
01/08/1989,2387.9,155.79,57.3,2705,0.1,0,52.02,7.1,7930,69.1,5.5,7.1,384.66,3.42,5.05,-7080,38.14,-1071,38.14,72.7,50.51,54.2
01/09/1989,2299.4,155.79,57.3,2705,0.1,0.76,52.42,7.1,7920,69.1,5.5,7.1,392.61,3.42,5.05,-7080,38.14,-1071,38.14,72.7,50.51,54.2
01/10/1989,2142.6,163.41,57.6,2759,0.1,0.76,52.81,7,7901,69.1,5.5,7,396.9,3.42,5.05,-5600,38.26,-3594,38.26,72.7,50.51,54.2
01/11/1989,2276.8,163.41,57.6,2759,0.1,0.38,53.01,7,7887,69.1,5.5,7,399.58,3.42,5.05,-5600,38.26,-3594,38.26,72.7,50.51,54.2
01/12/1989,2422.7,163.41,57.6,2759,0.1,0.19,53.11,7,7891,69.1,5.5,7,408.31,3.42,5.05,-5600,38.26,-3594,38.26,72.7,50.51,54.2
01/01/1990,2337.3,160.53,57.9,2808,0.7,0.37,53.31,6.9,7890,69.5,5.5,6.9,407.17,3.42,5.05,-6405,39.01,-1184,39.01,72.7,50.51,54.2
01/02/1990,2255.4,160.53,57.9,2808,0.7,0.56,53.61,6.9,7897,69.5,5.5,6.9,409.21,3.42,5.05,-6405,39.01,-1184,39.01,72.7,50.51,54.2
01/03/1990,2247.9,160.53,57.9,2808,0.7,0.56,53.91,6.9,7892,69.5,5.5,6.9,420.81,3.42,5.05,-6405,39.01,-1184,39.01,72.7,50.51,54.2
01/04/1990,2103.4,163.67,57.4,2882,0.5,1.85,54.9,6.9,7883,69.7,5.5,6.9,422.8,3.42,5.05,-6425,39.03,-776,39.03,72.7,50.51,54.2
01/05/1990,2345.1,163.67,57.4,2882,0.5,0.91,55.4,6.9,7877,69.7,5.5,6.9,426.77,3.42,5.05,-6425,39.03,-776,39.03,72.7,50.51,54.2
01/06/1990,2374.6,163.67,57.4,2882,0.5,0.36,55.6,6.9,7875,69.7,5.5,6.9,434.11,3.42,5.05,-6425,39.03,-776,39.03,72.7,50.51,54.2
01/07/1990,2326.2,170,57.3,2950,-1,-0.18,55.5,7,7874,69.2,5.5,7,433.11,3.42,5.05,-3827,39.25,-1869,39.25,72.7,50.51,54.2
01/08/1990,2162.8,170,57.3,2950,-1,1.08,56.1,7.1,7889,69.2,5.5,7.1,434.87,3.42,5.05,-3827,39.25,-1869,39.25,72.7,50.51,54.2
01/09/1990,1990.2,170,57.3,2950,-1,1.06,56.69,7.2,7906,69.2,5.5,7.2,443.04,3.42,5.05,-3827,39.25,-1869,39.25,72.7,50.51,54.2
01/10/1990,2050.3,174.73,57.1,2951,-0.3,0.7,57.09,7.3,7919,69.5,5.5,7.3,441.26,3.42,5.05,-3946,39.35,-2424,39.35,72.7,50.51,54.2
01/11/1990,2149.4,174.73,57.1,2951,-0.3,0.17,57.19,7.5,7934,69.5,5.5,7.5,448.01,3.42,5.05,-3946,39.35,-2424,39.35,72.7,50.51,54.2
01/12/1990,2143.5,174.73,57.1,2951,-0.3,-0.17,57.09,7.6,7965,69.5,5.5,7.6,450.37,3.42,5.05,-3946,39.35,-2424,39.35,72.7,50.51,54.2
01/01/1991,2170.3,170.12,57.1,2993,-0.3,0,57.09,7.8,7984,69.8,5.5,7.8,445.84,3.42,5.05,-3033,37.8,-984,37.8,72.7,50.51,54.2
01/02/1991,2380.9,170.12,57.1,2993,-0.3,0.52,57.39,8,8005,69.8,5.5,8,445.97,3.42,5.05,-3033,37.8,-984,37.8,72.7,50.51,54.2
01/03/1991,2456.5,170.12,57.1,2993,-0.3,0.35,57.59,8.2,8017,69.8,5.5,8.2,453.35,3.42,5.05,-3033,37.8,-984,37.8,72.7,50.51,54.2
01/04/1991,2486.2,172.58,57.1,3023,-0.1,3.45,59.58,8.5,8036,70.5,5.5,8.5,452.7,3.42,5.05,-1807,37.34,-1292,37.34,72.7,50.51,54.2
01/05/1991,2499.5,172.58,57.1,3023,-0.1,0.67,59.98,8.7,8083,70.5,5.5,8.7,457.54,3.42,5.05,-1807,37.34,-1292,37.34,72.7,50.51,54.2
01/06/1991,2414.8,172.58,57.1,3023,-0.1,0.5,60.27,8.8,8118,70.5,5.5,8.8,461.33,3.42,5.05,-1807,37.34,-1292,37.34,72.7,50.51,54.2
01/07/1991,2588.8,178.58,57.2,3053,-0.2,-0.33,60.07,9,8149,71.2,5.5,9,458.33,3.42,5.05,-2597,36.32,-1455,36.32,72.7,50.51,54.2
01/08/1991,2645.7,178.58,57.2,3053,-0.2,0.5,60.37,9.2,8186,71.2,5.5,9.2,459.23,3.42,5.05,-2597,36.32,-1455,36.32,72.7,50.51,54.2
01/09/1991,2621.7,178.58,57.2,3053,-0.2,0.49,60.67,9.3,8229,71.2,5.5,9.3,464.52,3.42,5.05,-2597,36.32,-1455,36.32,72.7,50.51,54.2
01/10/1991,2566,184.18,57.1,3105,0.2,0.49,60.97,9.4,8278,71.9,5.5,9.4,460.28,3.42,5.05,-1927,36.71,-2010,36.71,72.7,50.51,54.2
01/11/1991,2420.2,184.18,57.1,3105,0.2,0.33,61.17,9.5,8317,71.9,5.5,9.5,462.49,3.42,5.05,-1927,36.71,-2010,36.71,72.7,50.51,54.2
01/12/1991,2493.1,184.18,57.1,3105,0.2,0.16,61.27,9.5,8356,71.9,5.5,9.5,463.76,3.42,5.05,-1927,36.71,-2010,36.71,72.7,50.51,54.2
01/01/1992,2571.2,179.5,57.2,3142,0,-0.32,61.07,9.6,8378,72.1,5.5,9.6,463.39,3.42,5.05,-2176,36.4,-691,36.4,72.7,50.51,54.2
01/02/1992,2562.1,179.5,57.2,3142,0,0.49,61.37,9.7,8383,72.1,5.5,9.7,463.42,3.42,5.05,-2176,36.4,-691,36.4,72.7,50.51,54.2
01/03/1992,2440.1,179.5,57.2,3142,0,0.49,61.67,9.8,8398,72.1,5.5,9.8,468.59,3.42,5.05,-2176,36.4,-691,36.4,72.7,50.51,54.2
01/04/1992,2654.1,178.57,57.6,3151,-0.1,1.13,62.36,9.8,8428,72.4,5.5,9.8,470.87,3.42,5.05,-2944,35.61,-988,35.61,72.7,50.51,54.2
01/05/1992,2707.6,178.57,57.6,3151,-0.1,0.32,62.56,9.8,8481,72.4,5.5,9.8,470.41,3.42,5.05,-2944,35.61,-988,35.61,72.7,50.51,54.2
01/06/1992,2521.2,178.57,57.6,3151,-0.1,0,62.56,9.9,8507,72.4,5.5,9.9,473.79,3.42,5.05,-2944,35.61,-988,35.61,72.7,50.51,54.2
01/07/1992,2399.6,182.75,57.9,3165,0.6,-0.48,62.26,9.9,8501,73.2,5.5,9.9,474.19,3.42,5.05,-3287,34.91,-1186,34.91,72.7,50.51,54.2
01/08/1992,2312.6,182.75,57.9,3165,0.6,0,62.26,9.9,8512,73.2,5.5,9.9,472.33,3.42,5.05,-3287,34.91,-1186,34.91,72.7,50.51,54.2
01/09/1992,2553,182.75,57.9,3165,0.6,0.48,62.56,10.1,8526,73.2,5.5,10.1,479.17,3.42,5.05,-3287,34.91,-1186,34.91,72.7,50.51,54.2
01/10/1992,2658.3,189.76,58.3,3204,0.7,0.32,62.76,10.2,8511,74.2,5.5,10.2,483.8,3.42,5.05,-2773,34.92,-2238,34.92,72.7,50.51,54.2
01/11/1992,2778.8,189.76,58.3,3204,0.7,0,62.76,10.4,8536,74.2,5.5,10.4,484.58,3.42,5.05,-2773,34.92,-2238,34.92,72.7,50.51,54.2
01/12/1992,2846.5,189.76,58.3,3204,0.7,0.16,62.86,10.5,8519,74.2,5.5,10.5,482.37,3.42,5.05,-2773,34.92,-2238,34.92,72.7,50.51,54.2
01/01/1993,2807.2,186.05,58.7,3278,0.7,-0.63,62.46,10.7,8507,74.8,5.5,10.7,479.44,3.42,5.05,-2309,35.77,-888,35.77,72.7,50.51,54.2
01/02/1993,2868,186.05,58.7,3278,0.7,0.64,62.86,10.6,8519,74.8,5.5,10.6,480.85,3.42,5.05,-2309,35.77,-888,35.77,72.7,50.51,54.2
01/03/1993,2878.7,186.05,58.7,3278,0.7,0.47,63.16,10.6,8557,74.8,5.5,10.6,484.81,3.42,5.05,-2309,35.77,-888,35.77,72.7,50.51,54.2
01/04/1993,2813.1,187.1,59.2,3288,0.5,1.1,63.85,10.5,8557,75.2,5.5,10.5,486.3,3.42,5.05,-3239,35.48,-625,35.48,72.7,50.51,54.2
01/05/1993,2840.7,187.1,59.2,3288,0.5,0.47,64.15,10.4,8565,75.2,5.5,10.4,488.8,3.42,5.05,-3239,35.48,-625,35.48,72.7,50.51,54.2
01/06/1993,2900,187.1,59.2,3288,0.5,-0.16,64.05,10.4,8565,75.2,5.5,10.4,491.47,3.42,5.05,-3239,35.48,-625,35.48,72.7,50.51,54.2
01/07/1993,2926.5,193.97,59.5,3346,0.8,-0.31,63.85,10.3,8606,75.8,5.5,10.3,494.3,3.42,5.05,-2479,35.6,-1653,35.6,72.7,50.51,54.2
01/08/1993,3100,193.97,59.5,3346,0.8,0.47,64.15,10.2,8583,75.8,5.5,10.2,495.62,3.42,5.05,-2479,35.6,-1653,35.6,72.7,50.51,54.2
01/09/1993,3037.5,193.97,59.5,3346,0.8,0.47,64.45,10.3,8586,75.8,5.5,10.3,497.76,3.42,5.05,-2479,35.6,-1653,35.6,72.7,50.51,54.2
01/10/1993,3171,202.05,60.1,3367,0.7,-0.15,64.35,10.2,8589,76.3,5.5,10.2,499.99,3.42,5.05,-2147,36.54,-2545,36.54,72.7,50.51,54.2
01/11/1993,3166.9,202.05,60.1,3367,0.7,-0.31,64.15,10.3,8585,76.3,5.5,10.3,504.48,3.42,5.05,-2147,36.54,-2545,36.54,72.7,50.51,54.2
01/12/1993,3418.4,202.05,60.1,3367,0.7,0.31,64.35,10.3,8585,76.3,5.5,10.3,509.83,3.42,5.05,-2147,36.54,-2545,36.54,72.7,50.51,54.2
01/01/1994,3491.8,197.68,60.8,3453,1.2,-0.46,64.05,10.1,8587,76.8,5.5,10.1,507.13,3.42,5.05,-989,36.79,-2019,36.79,72.7,50.51,54.2
01/02/1994,3328.1,197.68,60.8,3453,1.2,0.47,64.35,9.9,8580,76.8,5.5,9.9,511.25,3.42,5.05,-989,36.79,-2019,36.79,72.7,50.51,54.2
01/03/1994,3086.4,197.68,60.8,3453,1.2,0.31,64.55,9.8,8586,76.8,5.5,9.8,517.11,3.42,5.05,-989,36.79,-2019,36.79,72.7,50.51,54.2
01/04/1994,3125.3,197.19,61.4,3469,1.2,0.92,65.15,9.7,8607,77.5,5.5,9.7,514.42,3.42,5.05,-1861,36.54,-1609,36.54,72.7,50.51,54.2
01/05/1994,2970.5,197.19,61.4,3469,1.2,0.31,65.35,9.7,8626,77.5,5.5,9.7,519.16,3.42,5.05,-1861,36.54,-1609,36.54,72.7,50.51,54.2
01/06/1994,2919.2,197.19,61.4,3469,1.2,0,65.35,9.6,8600,77.5,5.5,9.6,518.46,3.42,5.05,-1861,36.54,-1609,36.54,72.7,50.51,54.2
01/07/1994,3082.6,203.8,61.8,3517,1.1,-0.61,64.95,9.5,8622,77.9,5.5,9.5,518.28,3.42,5.05,-414,36.91,-2794,36.91,72.7,50.51,54.2
01/08/1994,3251.3,203.8,61.8,3517,1.1,0.61,65.35,9.4,8643,77.9,5.5,9.4,518.62,3.42,5.05,-414,36.91,-2794,36.91,72.7,50.51,54.2
01/09/1994,3026.3,203.8,61.8,3517,1.1,0.15,65.45,9.3,8682,77.9,5.5,9.3,522.64,3.42,5.05,-414,36.91,-2794,36.91,72.7,50.51,54.2
01/10/1994,3097.4,210.82,62,3572,0.6,-0.3,65.25,9.1,8721,78.3,5.5,9.1,519.86,3.42,5.05,-655,37.6,-3452,37.6,72.7,50.51,54.2
01/11/1994,3081.4,210.82,62,3572,0.6,0.15,65.35,9,8761,78.3,5.5,9,524.94,3.42,5.05,-655,37.6,-3452,37.6,72.7,50.51,54.2
01/12/1994,3065.5,210.82,62,3572,0.6,0.46,65.64,8.9,8805,78.3,5.5,8.9,527.29,3.42,5.05,-655,37.6,-3452,37.6,72.7,50.51,54.2
01/01/1995,2991.6,207.21,62.2,3582,0.4,0,65.64,8.9,8767,78.4,5.5,8.9,525.68,3.42,5.05,826,37.04,-1298,37.04,72.7,50.51,54.2
01/02/1995,3009.3,207.21,62.2,3582,0.4,0.45,65.94,8.9,8736,78.4,5.5,8.9,530.19,3.42,5.05,826,37.04,-1298,37.04,72.7,50.51,54.2
01/03/1995,3137.9,207.21,62.2,3582,0.4,0.45,66.24,8.8,8719,78.4,5.5,8.8,545.36,3.42,5.05,826,37.04,-1298,37.04,72.7,50.51,54.2
01/04/1995,3216.7,207.35,62.7,3625,0.4,0.6,66.64,8.8,8709,78.3,5.5,8.8,543.09,3.42,5.05,-2974,37.82,-1079,37.82,72.7,50.51,54.2
01/05/1995,3319.4,207.35,62.7,3625,0.4,0.6,67.04,8.7,8717,78.3,5.5,8.7,548.18,3.42,5.05,-2974,37.82,-1079,37.82,72.7,50.51,54.2
01/06/1995,3314.6,207.35,62.7,3625,0.4,0,67.04,8.7,8691,78.3,5.5,8.7,553.01,3.42,5.05,-2974,37.82,-1079,37.82,72.7,50.51,54.2
01/07/1995,3463.3,213.42,62.7,3695,1,-0.59,66.64,8.6,8657,78.6,5.5,8.6,560.1,3.42,5.05,-2542,38.72,-2374,38.72,72.7,50.51,54.2
01/08/1995,3477.8,213.42,62.7,3695,1,0.6,67.04,8.6,8647,78.6,5.5,8.6,564.26,3.42,5.05,-2542,38.72,-2374,38.72,72.7,50.51,54.2
01/09/1995,3508.2,213.42,62.7,3695,1,0.45,67.34,8.6,8647,78.6,5.5,8.6,569.36,3.42,5.05,-2542,38.72,-2374,38.72,72.7,50.51,54.2
01/10/1995,3529.1,222.2,63.3,3732,0.2,-0.15,67.24,8.6,8657,78.3,5.5,8.6,570.68,3.42,5.05,-1061,39.72,-4373,39.72,72.7,50.51,54.2
01/11/1995,3664.3,222.2,63.3,3732,0.2,0,67.24,8.3,8643,78.3,5.5,8.3,577.6,3.42,5.05,-1061,39.72,-4373,39.72,72.7,50.51,54.2
01/12/1995,3689.3,222.2,63.3,3732,0.2,0.59,67.63,8.4,8619,78.3,5.5,8.4,580.96,3.42,5.05,-1061,39.72,-4373,39.72,72.7,50.51,54.2
01/01/1996,3759.3,220.56,63.6,3807,0.6,-0.29,67.43,8.3,8647,79.1,5.5,8.3,583.67,3.42,5.05,-1516,41.23,-2769,41.23,72.7,50.51,54.2
01/02/1996,3727.6,220.56,63.6,3807,0.6,0.44,67.73,8.2,8688,79.1,5.5,8.2,587.35,3.42,5.05,-1516,41.23,-2769,41.23,72.7,50.51,54.2
01/03/1996,3699.7,220.56,63.6,3807,0.6,0.44,68.03,8.3,8675,79.1,5.5,8.3,599.46,3.42,5.05,-1516,41.23,-2769,41.23,72.7,50.51,54.2
01/04/1996,3817.9,222.58,64.1,3879,0.3,0.44,68.33,8.3,8663,79.3,5.5,8.3,599.79,3.42,5.05,-1143,43.05,-1785,43.05,72.7,50.51,54.2
01/05/1996,3747.8,222.58,64.1,3879,0.3,0.29,68.53,8.3,8672,79.3,5.5,8.3,604.04,3.42,5.05,-1143,43.05,-1785,43.05,72.7,50.51,54.2
01/06/1996,3711,222.58,64.1,3879,0.3,0.15,68.63,8.2,8713,79.3,5.5,8.2,614.98,3.42,5.05,-1143,43.05,-1785,43.05,72.7,50.51,54.2
01/07/1996,3703.2,227.78,64.4,3924,1.2,-0.58,68.23,8.1,8707,79.8,5.5,8.1,615.32,3.42,5.05,-1443,42.93,-2239,42.93,72.7,50.51,54.2
01/08/1996,3867.6,227.78,64.4,3924,1.2,0.44,68.53,8.1,8714,79.8,5.5,8.1,618.17,3.42,5.05,-1443,42.93,-2239,42.93,72.7,50.51,54.2
01/09/1996,3953.7,227.78,64.4,3924,1.2,0.58,68.93,8.1,8668,79.8,5.5,8.1,629.69,3.42,5.05,-1443,42.93,-2239,42.93,72.7,50.51,54.2
01/10/1996,3979.1,236.35,65.1,3972,1.4,0,68.93,8,8641,79.7,5.5,8,623.85,3.42,5.05,-1133,41.32,-2605,41.32,72.7,50.51,54.2
01/11/1996,4058,236.35,65.1,3972,1.4,0,68.93,7.8,8660,79.7,5.5,7.8,633.47,3.42,5.05,-1133,41.32,-2605,41.32,72.7,50.51,54.2
01/12/1996,4118.5,236.35,65.1,3972,1.4,0.29,69.13,7.7,8662,79.7,5.5,7.7,636.78,3.42,5.05,-1133,41.32,-2605,41.32,72.7,50.51,54.2
01/01/1997,4275.8,233.71,65.6,4023,1.9,-0.43,68.83,7.5,8659,80,5.5,7.5,643.36,3.42,5.05,775,38.89,-2689,38.89,72.7,50.51,54.2
01/02/1997,4308.3,233.71,65.6,4023,1.9,0.29,69.03,7.3,8660,80,5.5,7.3,651,3.42,5.05,775,38.89,-2689,38.89,72.7,50.51,54.2
01/03/1997,4312.9,233.71,65.6,4023,1.9,0.14,69.13,7.2,8655,80,5.5,7.2,663.54,3.42,5.05,775,38.89,-2689,38.89,72.7,50.51,54.2
01/04/1997,4436,234.57,65.9,4052,0.9,0.43,69.42,7.2,8654,80.2,5.5,7.2,661.36,3.42,5.05,-816,39.54,-2930,39.54,72.7,50.51,54.2
01/05/1997,4621.3,234.57,65.9,4052,0.9,0.29,69.62,7.2,8602,80.2,5.5,7.2,671.9,3.42,5.05,-816,39.54,-2930,39.54,72.7,50.51,54.2
01/06/1997,4604.6,234.57,65.9,4052,0.9,0.29,69.82,7.3,8610,80.2,5.5,7.3,698.11,3.42,5.05,-816,39.54,-2930,39.54,72.7,50.51,54.2
01/07/1997,4907.5,241.61,66.6,4161,0.7,-0.43,69.52,7.1,8670,80.5,5.5,7.1,699.66,3.42,5.05,564,41.24,-4090,41.24,72.7,50.51,54.2
01/08/1997,4817.5,241.61,66.6,4161,0.7,0.57,69.92,6.8,8691,80.5,5.5,6.8,700.95,3.42,5.05,564,41.24,-4090,41.24,72.7,50.51,54.2
01/09/1997,5244.2,241.61,66.6,4161,0.7,0.43,70.22,6.7,8711,80.5,5.5,6.7,663.4,3.42,5.05,564,41.24,-4090,41.24,72.7,50.51,54.2
01/10/1997,4842.3,241.86,67.2,4094,1.2,0,70.22,6.6,8726,81.1,5.5,6.6,677.92,3.42,5.05,-1463,43.17,-562,43.17,72.7,50.51,54.2
01/11/1997,4831.8,241.86,67.2,4094,1.2,0,70.22,6.5,8741,81.1,5.5,6.5,685.62,3.42,5.05,-1463,43.17,-562,43.17,72.7,50.51,54.2
01/12/1997,5135.5,241.86,67.2,4094,1.2,0.14,70.32,6.4,8798,81.1,5.5,6.4,688.55,3.42,5.05,-1463,43.17,-562,43.17,72.7,50.51,54.2
01/01/1998,5458.5,244.41,67.7,4153,0.9,-0.03,70.3,6.4,8781,81.7,5.5,6.4,686.46,3.42,5.05,-3291,43.51,-2693,43.51,72.7,50.51,54.2
01/02/1998,5767.3,244.41,67.7,4153,0.9,0.28,70.5,6.4,8776,81.7,5.5,6.4,691.53,3.42,5.05,-3291,43.51,-2693,43.51,72.7,50.51,54.2
01/03/1998,5932.2,244.41,67.7,4153,0.9,0.28,70.7,6.3,8782,81.7,5.5,6.3,704.43,3.42,5.05,-3291,43.51,-2693,43.51,72.7,50.51,54.2
01/04/1998,5928.4,244.57,68.3,4232,0.9,0.57,71.1,6.3,8804,82.2,5.5,6.3,701.24,3.42,5.05,-3090,43.63,-1803,43.63,72.7,50.51,54.2
01/05/1998,5870.7,244.57,68.3,4232,0.9,0.42,71.4,6.3,8810,82.2,5.5,6.3,709.79,3.42,5.05,-3090,43.63,-1803,43.63,72.7,50.51,54.2
01/06/1998,5832.6,244.57,68.3,4232,0.9,-0.14,71.3,6.3,8754,82.2,5.5,6.3,714.65,3.42,5.05,-3090,43.63,-1803,43.63,72.7,50.51,54.2
01/07/1998,5837.1,250.23,69,4367,0.7,-0.42,71,6.3,8699,82.5,5.5,6.3,716.7,3.42,5.05,1528,43.45,-6882,43.45,72.7,50.51,54.2
01/08/1998,5249.4,250.23,69,4367,0.7,0.28,71.2,6.2,8721,82.5,5.5,6.2,716.84,3.42,5.05,1528,43.45,-6882,43.45,72.7,50.51,54.2
01/09/1998,5064.4,250.23,69,4367,0.7,0.42,71.5,6.2,8698,82.5,5.5,6.2,725.1,3.42,5.05,1528,43.45,-6882,43.45,72.7,50.51,54.2
01/10/1998,5438.4,258.04,69.3,4465,1,0,71.5,6.2,8669,83,5.5,6.2,724.49,3.42,5.05,-717,45.01,-4876,45.01,72.7,50.51,54.2
01/11/1998,5743.9,258.04,69.3,4465,1,0.14,71.6,6.1,8673,83,5.5,6.1,730.1,3.42,5.05,-717,45.01,-4876,45.01,72.7,50.51,54.2
01/12/1998,5882.6,258.04,69.3,4465,1,0.28,71.8,6.2,8624,83,5.5,6.2,728.4,3.42,5.05,-717,45.01,-4876,45.01,72.7,50.51,54.2
01/01/1999,5896,257.07,69.4,4379,0.6,-0.56,71.4,6.2,8623,83.2,5.5,6.2,720.77,3.42,5.05,-8000,44.92,-4991,44.92,72.7,50.51,54.2
01/02/1999,6175.1,257.07,69.4,4379,0.6,0.14,71.5,6.2,8645,83.2,5.5,6.2,724.77,3.42,5.05,-8000,44.92,-4991,44.92,72.7,50.51,54.2
01/03/1999,6295.3,257.07,69.4,4379,0.6,0.56,71.9,6.2,8666,83.2,5.5,6.2,731.76,3.42,5.05,-8000,44.92,-4991,44.92,72.7,50.51,54.2
01/04/1999,6552.2,253.93,70.4,4358,0.2,0.42,72.2,6.1,8691,83,5.5,6.1,734.16,3.42,5.05,-6371,45.01,-4032,45.01,72.7,50.51,54.2
01/05/1999,6226.2,253.93,70.4,4358,0.2,0.28,72.4,6,8684,83,5.5,6,742.24,3.42,5.05,-6371,45.01,-4032,45.01,72.7,50.51,54.2
01/06/1999,6318.5,253.93,70.4,4358,0.2,-0.14,72.3,6,8695,83,5.5,6,748.52,3.42,5.05,-6371,45.01,-4032,45.01,72.7,50.51,54.2
01/07/1999,6231.9,261.23,71.4,4405,1.7,-0.55,71.9,5.9,8682,83.9,5.5,5.9,744.85,3.42,5.05,-7083,46.45,-3779,46.45,72.7,50.51,54.2
01/08/1999,6246.4,261.23,71.4,4405,1.7,0.28,72.1,5.9,8658,83.9,5.5,5.9,743.45,3.42,5.05,-7083,46.45,-3779,46.45,72.7,50.51,54.2
01/09/1999,6029.8,261.23,71.4,4405,1.7,0.42,72.4,5.8,8691,83.9,5.5,5.8,741.42,3.42,5.05,-7083,46.45,-3779,46.45,72.7,50.51,54.2
01/10/1999,6255.7,267.52,72.1,4510,1.5,-0.14,72.3,5.8,8646,84.7,5.5,5.8,741.78,3.42,5.05,-4693,46.25,-2535,46.25,72.7,50.51,54.2
01/11/1999,6597.2,267.52,72.1,4510,1.5,0.14,72.4,5.8,8631,84.7,5.5,5.8,747.95,3.42,5.05,-4693,46.25,-2535,46.25,72.7,50.51,54.2
01/12/1999,6930.2,267.52,72.1,4510,1.5,0.28,72.6,5.9,8645,84.7,5.5,5.9,751.35,3.42,5.05,-4693,46.25,-2535,46.25,72.7,50.51,54.2
01/01/2000,6268.5,270.68,72.7,4603,0.8,-0.96,71.9,5.8,8681,85.5,5.5,5.8,747.36,3.42,5.05,-5939,48.12,-4580,48.12,72.7,50.51,54.2
01/02/2000,6232.6,270.68,72.7,4603,0.8,0.42,72.2,5.8,8650,85.5,5.5,5.8,754.3,3.42,5.05,-5939,48.12,-4580,48.12,71.5,50.51,54.2
01/03/2000,6540.2,270.68,72.7,4603,0.8,0.14,72.3,5.7,8652,85.5,5.5,5.7,768.71,3.42,5.05,-5939,48.12,-4580,48.12,71.5,50.51,54.2
01/04/2000,6327.4,270.52,73.1,4647,0.6,0.41,72.6,5.6,8639,85.9,5.5,5.6,776.78,3.42,5.05,-6822,50.98,-800,50.98,73.1,53.29,54.2
01/05/2000,6359.4,270.52,73.1,4647,0.6,0.28,72.8,5.5,8670,85.9,5.5,5.5,790.27,3.42,5.05,-6822,50.98,-800,50.98,72,53.29,54.2
01/06/2000,6312.7,270.52,73.1,4647,0.6,0.14,72.9,5.3,8680,85.9,5.5,5.3,799.11,3.42,5.05,-6822,50.98,-800,50.98,71.7,53.29,54.2
01/07/2000,6365.3,275.28,73.4,4700,0.3,-0.55,72.5,5.3,8679,86.1,5.5,5.3,795.88,3.42,5.05,-7126,46.98,-4449,46.98,71.4,54.31,54.2
01/08/2000,6672.7,275.28,73.4,4700,0.3,0,72.5,5.3,8679,86.1,5.5,5.3,799.88,3.42,5.05,-7126,46.98,-4449,46.98,72.4,54.31,54.2
01/09/2000,6294.2,275.28,73.4,4700,0.3,0.83,73.1,5.4,8708,86.1,5.5,5.4,809.75,3.42,5.05,-7126,46.98,-4449,46.98,72.3,54.31,54.2
01/10/2000,6438.4,279.42,74.2,4721,0.2,0,73.1,5.3,8777,86.4,5.5,5.3,812.86,3.42,5.05,-5467,49.99,-6182,49.99,72.8,55.88,54.2
01/11/2000,6142.2,279.42,74.2,4721,0.2,0.14,73.2,5.2,8776,86.4,5.5,5.2,815.42,3.42,5.05,-5467,49.99,-6182,49.99,72.9,55.88,54.2
01/12/2000,6222.5,279.42,74.2,4721,0.2,0,73.2,5.2,8715,86.4,5.5,5.2,823.69,3.42,5.05,-5467,49.99,-6182,49.99,73.2,55.88,54.2
01/01/2001,6297.5,282.14,74.7,4759,1.2,-0.82,72.6,5.2,8740,87.1,5.5,5.2,824.2,3.42,5.05,-4921,50.06,-3430,50.06,74,55.64,54.2
01/02/2001,5917.9,282.14,74.7,4759,1.2,0.14,72.7,5.1,8779,87.1,8.4,5.1,823.66,3.42,5.05,-4921,50.06,-3430,50.06,75.9,55.64,54.2
01/03/2001,5633.7,282.14,74.7,4759,1.2,0.41,73,5,8784,87.1,4.7,5,851.65,3.42,5.05,-4921,50.06,-3430,50.06,75.7,55.64,54.2
01/04/2001,5967,280.71,75.1,4875,0.8,0.55,73.4,4.9,8804,87.4,5.8,4.9,851.96,3.42,5.05,-7339,51.54,-6349,51.54,76,57.64,54.2
01/05/2001,5796.2,280.71,75.1,4875,0.8,0.82,74,5,8794,87.4,4.9,5,855.26,3.42,5.05,-7339,51.54,-6349,51.54,77.4,57.64,54.2
01/06/2001,5642.5,280.71,75.1,4875,0.8,0.14,74.1,5,8833,87.4,5.8,5,860.08,3.42,5.05,-7339,51.54,-6349,51.54,76.9,57.64,54.2
01/07/2001,5529.1,286.31,75.4,4841,0.8,-0.67,73.6,5.1,8820,87.9,4.9,5.1,865.33,3.42,5.05,-6800,51.31,-6922,51.31,77.6,59.69,54.2
01/08/2001,5345,286.31,75.4,4841,0.8,0.41,73.9,5.1,8845,87.9,5.1,5.1,866.64,3.42,5.05,-6800,51.31,-6922,51.31,77.2,59.69,54.2
01/09/2001,4903.4,286.31,75.4,4841,0.8,0.27,74.1,5.1,8848,87.9,4.4,5.1,886.43,3.42,5.05,-6800,51.31,-6922,51.31,78.1,59.69,54.2
01/10/2001,5039.7,289.21,75.8,4911,0.4,-0.27,73.9,5.1,8819,87.9,4.7,5.1,886.59,3.42,5.05,-5321,50.31,-10887,50.31,78.7,58.48,54.2
01/11/2001,5203.6,289.21,75.8,4911,0.4,-0.14,73.8,5.2,8811,87.9,4.4,5.2,886.91,3.42,5.05,-5321,50.31,-10887,50.31,79.4,58.48,54.2
01/12/2001,5217.4,289.21,75.8,4911,0.4,0.27,74,5.2,8863,87.9,3.2,5.2,891.85,3.42,5.05,-5321,50.31,-10887,50.31,79.8,58.48,54.2
01/01/2002,5164.8,290.89,76.1,4969,0.4,-0.41,73.7,5.1,8880,88.4,3.7,5.1,874.28,3.42,5.05,-6484,50.38,-6597,50.38,79.7,60.42,54.2
01/02/2002,5101,290.89,76.1,4969,0.4,0.14,73.8,5.2,8883,88.4,3,5.2,876.13,3.42,5.05,-6484,50.38,-6597,50.38,80.8,60.42,54.2
01/03/2002,5271.8,290.89,76.1,4969,0.4,0.41,74.1,5.2,8839,88.4,3.1,5.2,894.47,3.42,5.05,-6484,50.38,-6597,50.38,81.3,60.42,54.2
01/04/2002,5165.6,292.56,76.7,4997,0.5,0.4,74.4,5.2,8814,88.4,3.2,5.2,895.07,3.42,5.05,-9199,50.56,-8591,50.56,82.6,65.37,54.2
01/05/2002,5085.1,292.56,76.7,4997,0.5,0.27,74.6,5.2,8812,88.4,3.7,5.2,902.14,3.42,5.05,-9199,50.56,-8591,50.56,82,65.37,54.2
01/06/2002,4656.4,292.56,76.7,4997,0.5,0,74.6,5.2,8851,88.4,3.7,5.2,912.75,3.42,5.05,-9199,50.56,-8591,50.56,80.4,65.37,54.2
01/07/2002,4246.2,299.39,77.3,5087,0.7,-0.27,74.4,5.2,8810,89,3.8,5.2,908.55,3.42,5.05,-5020,53.41,-9074,53.41,81.6,69.78,54.2
01/08/2002,4227.3,299.39,77.3,5087,0.7,0.27,74.6,5.3,8825,89,3.1,5.3,916.95,3.42,5.05,-5020,53.41,-9074,53.41,81.7,69.78,54.2
01/09/2002,3721.8,299.39,77.3,5087,0.7,0.27,74.8,5.2,8785,89,3.1,5.2,924.98,3.42,5.05,-5020,53.41,-9074,53.41,81.8,69.78,54.2
01/10/2002,4039.7,304.84,77.9,5199,0.8,0.13,74.9,5.2,8787,89.2,2.8,5.2,927.15,3.42,5.05,-5003,56.46,-3366,56.46,82.1,73.22,54.2
01/11/2002,4169.4,304.84,77.9,5199,0.8,0,74.9,5.1,8774,89.2,2.8,5.1,930.98,3.42,5.05,-5003,56.46,-3366,56.46,82.4,73.22,54.2
01/12/2002,3940.4,304.84,77.9,5199,0.8,0.4,75.2,5,8859,89.2,2.4,5,932.33,3.42,5.05,-5003,56.46,-3366,56.46,83.1,73.22,54.2
01/01/2003,3567.4,310.13,78.6,5247,0.7,-0.66,74.7,5.1,8878,89.9,2.6,5.1,921.14,3.42,5.05,-1998,55.69,-6679,55.69,82.3,74.55,54.2
01/02/2003,3655.6,310.13,78.6,5247,0.7,0.4,75,5.2,8851,89.9,2.2,5.2,932.13,3.42,5.05,-1998,55.69,-6679,55.69,82.6,74.55,54.2
01/03/2003,3613.3,310.13,78.6,5247,0.7,0.4,75.3,5.1,8852,89.9,4,5.1,943.04,3.42,5.05,-1998,55.69,-6679,55.69,83.2,74.55,54.2
01/04/2003,3926,307.68,79.5,5266,0.9,0.27,75.5,5,8854,90.3,3.1,5,946.52,3.42,5.05,-7104,53.29,2825,53.29,83.1,76.85,54.2
01/05/2003,4048.1,307.68,79.5,5266,0.9,0,75.5,4.9,8857,90.3,2.8,4.9,958.25,3.42,5.05,-7104,53.29,2825,53.29,82.7,76.85,54.2
01/06/2003,4031.2,307.68,79.5,5266,0.9,-0.13,75.4,5.1,8838,90.3,2.7,5.1,967.89,3.42,5.05,-7104,53.29,2825,53.29,83.7,76.85,54.2
01/07/2003,4157,315.86,80.2,5332,1.1,-0.13,75.3,5.1,8878,91.3,2.6,5.1,961.55,3.42,5.05,-8385,53.89,-5325,53.89,84,78.96,54.2
01/08/2003,4161.1,315.86,80.2,5332,1.1,0.4,75.6,5,8878,91.3,3.3,5,968.75,3.42,5.05,-8385,53.89,-5325,53.89,84.3,78.96,54.2
01/09/2003,4091.3,315.86,80.2,5332,1.1,0.4,75.9,5,8900,91.3,3.4,5,977.82,3.42,5.05,-8385,53.89,-5325,53.89,84.7,78.96,54.2
01/10/2003,4287.6,322.52,80.5,5472,0.9,0.13,76,4.9,8923,91.9,3.9,4.9,978.4,3.42,5.05,-5123,55.19,-3945,55.19,84.9,80.59,54.2
01/11/2003,4342.6,322.52,80.5,5472,0.9,-0.13,75.9,4.9,8951,91.9,3.6,4.9,990.43,3.42,5.05,-5123,55.19,-3945,55.19,84.7,80.59,54.2
01/12/2003,4476.9,322.52,80.5,5472,0.9,0.4,76.2,4.8,8889,91.9,4.1,4.8,997.6,3.42,5.05,-5123,55.19,-3945,55.19,84.5,80.59,54.2
01/01/2004,4390.7,324.76,80.8,5440,0.4,-0.52,75.8,4.8,8877,91.8,4.1,4.8,996.42,3.42,5.05,-7982,56.93,-1018,56.93,86.6,81.32,54.2
01/02/2004,4492.2,324.76,80.8,5440,0.4,0.26,76,4.8,8890,91.8,3.4,4.8,1002.61,3.68,5.41,-7982,56.93,-1018,56.93,86.3,81.32,54.2
01/03/2004,4385.7,324.76,80.8,5440,0.4,0.13,76.1,4.8,8923,91.8,3.7,4.8,1019.89,3.66,5.33,-7982,56.93,-1018,56.93,86.9,81.32,54.2
01/04/2004,4489.7,324.3,81,5544,0.4,0.39,76.4,4.8,8942,92.1,4.2,4.8,1027.63,3.75,5.47,-8703,55.74,-6069,55.74,87.8,86.09,54.2
01/05/2004,4430.7,324.3,81,5544,0.4,0.26,76.6,4.8,8966,92.1,4.4,4.8,1041.6,4.07,5.6,-8703,55.74,-6069,55.74,87.9,86.09,54.2
01/06/2004,4464.1,324.3,81,5544,0.4,0,76.6,4.8,9003,92.1,4.3,4.8,1054.88,4.14,5.86,-8703,55.74,-6069,55.74,88.4,86.09,54.2
01/07/2004,4413.1,330.91,81.3,5531,0.2,-0.26,76.4,4.7,9036,92.1,4.6,4.7,1051.68,4.26,5.8,-10740,56.71,-5838,56.71,88.4,89.9,54.2
01/08/2004,4459.3,330.91,81.3,5531,0.2,0.26,76.6,4.7,9029,92.1,4.3,4.7,1065.13,4.42,5.92,-10740,56.71,-5838,56.71,88.8,89.9,54.2
01/09/2004,4570.8,330.91,81.3,5531,0.2,0.13,76.7,4.7,9044,92.1,4.9,4.7,1077.55,4.49,5.95,-10740,56.71,-5838,56.71,89.3,89.9,54.2
01/10/2004,4624.2,337.49,82.1,5665,0.3,0.26,76.9,4.7,8996,92,4.9,4.7,1080.99,4.48,5.96,-3404,57.37,-9298,57.37,89.4,90.5,54.2
01/11/2004,4703.2,337.49,82.1,5665,0.3,0.13,77,4.7,8974,92,4.9,4.7,1095.69,4.44,5.97,-3404,57.37,-9298,57.37,89,90.5,54.2
01/12/2004,4814.3,337.49,82.1,5665,0.3,0.52,77.4,4.7,8958,92,4.4,4.7,1099.25,4.43,6.13,-3404,57.37,-9298,57.37,88.8,90.5,54.2
01/01/2005,4852.3,341.93,83.2,5697,0.8,-0.52,77,4.8,8917,92.5,5,4.8,1100.37,4.41,6.05,-7397,58.63,-9357,58.63,88.5,88.64,54.2
01/02/2005,4968.5,341.93,83.2,5697,0.8,0.26,77.2,4.7,8993,92.5,5.6,4.7,1103.56,4.45,6.07,-7397,58.63,-9357,58.63,88.8,88.64,54.2
01/03/2005,4894.4,341.93,83.2,5697,0.8,0.39,77.5,4.7,9059,92.5,4.5,4.7,1125.65,4.46,6.03,-7397,58.63,-9357,58.63,88.5,88.64,54.2
01/04/2005,4801.7,344.04,84.1,5870,1.2,0.39,77.8,4.8,9057,93.7,4.1,4.8,1139.55,4.47,5.98,-2148,59.84,-12867,59.84,88.6,91.21,54.2
01/05/2005,4964,344.04,84.1,5870,1.2,0.39,78.1,4.8,9068,93.7,4.5,4.8,1166.73,4.45,6.07,-2148,59.84,-12867,59.84,88.4,91.21,54.2
01/06/2005,5113.2,344.04,84.1,5870,1.2,0,78.1,4.7,9064,93.7,4.4,4.7,1170.73,4.42,6.12,-2148,59.84,-12867,59.84,89.1,91.21,54.2
01/07/2005,5282.3,348.4,85.4,5831,1.1,0.13,78.2,4.7,9049,94.3,4.6,4.7,1175.67,4.35,5.7,-9356,60.86,-5995,60.86,89.1,93.45,54.2
01/08/2005,5296.9,348.4,85.4,5831,1.1,0.26,78.4,4.7,9042,94.3,5.1,4.7,1172.91,4.15,6.14,-9356,60.86,-5995,60.86,88.4,93.45,54.2
01/09/2005,5477.7,348.4,85.4,5831,1.1,0.26,78.6,4.9,9042,94.3,4.6,4.9,1198.12,4.06,6.1,-9356,60.86,-5995,60.86,88.6,93.45,54.2
01/10/2005,5317.3,358.67,85.7,5952,1.4,0.13,78.7,5.1,9074,96,3.9,5.1,1201.18,4.07,5.84,-8713,61.45,-8669,61.45,89,93.56,54.2
01/11/2005,5423.2,358.67,85.7,5952,1.4,0,78.7,5.1,9084,96,4.4,5.1,1215.15,4.29,5.85,-8713,61.45,-8669,61.45,89.7,93.56,54.2
01/12/2005,5618.8,358.67,85.7,5952,1.4,0.25,78.9,5.1,9076,96,4.5,5.1,1229.51,4.21,5.96,-8713,61.45,-8669,61.45,89.5,93.56,54.2
01/01/2006,5760.3,366.51,85.8,5984,0.5,-0.51,78.5,5.2,9024,95.7,4.2,5.2,1222.38,4.14,5.66,-10695,62.52,-8104,62.52,90.6,94.24,54.2
01/02/2006,5791.5,366.51,85.8,5984,0.5,0.38,78.8,5.2,8981,95.7,6,5.2,1239.18,4.11,5.66,-10695,62.52,-8104,62.52,90.8,94.24,54.2
01/03/2006,5964.6,366.51,85.8,5984,0.5,0.13,78.9,5.3,8957,95.7,5.5,5.3,1261.77,4.15,5.75,-10695,62.52,-8104,62.52,91.6,94.24,54.2
01/04/2006,6023.1,359.26,85.9,6047,0.3,0.63,79.4,5.4,8973,95.7,4.8,5.4,1274.5,4.18,5.66,-9636,63.5,-7411,63.5,91.4,97.82,54.2
01/05/2006,5723.8,359.26,85.9,6047,0.3,0.63,79.9,5.5,8950,95.7,4.6,5.5,1289.37,4.24,5.77,-9636,63.5,-7411,63.5,92.1,97.82,54.2
01/06/2006,5833.4,359.26,85.9,6047,0.3,0.25,80.1,5.5,8929,95.7,5.5,5.5,1305.71,4.29,5.82,-9636,63.5,-7411,63.5,92.2,97.82,54.2
01/07/2006,5928.3,369.79,86.1,6036,0.1,-0.12,80,5.5,8893,95.5,4.5,5.5,1311.18,4.29,5.8,-11583,66.08,-5029,66.08,92.3,100.84,54.2
01/08/2006,5906.1,369.79,86.1,6036,0.1,0.5,80.4,5.5,8980,95.5,3.7,5.5,1319.83,4.45,5.96,-11583,66.08,-5029,66.08,92.2,100.84,54.2
01/09/2006,5960.8,369.79,86.1,6036,0.1,0.12,80.5,5.5,9001,95.5,3.5,5.5,1345.66,4.56,6.04,-11583,66.08,-5029,66.08,91.8,100.84,54.2
01/10/2006,6129.2,375.16,86.9,6109,0.5,0.12,80.6,5.4,9042,95.6,4.1,5.4,1357.34,4.55,6.09,-10153,66.22,-5830,66.22,92.9,102.74,54.2
01/11/2006,6048.9,375.16,86.9,6109,0.5,0.25,80.8,5.5,9037,95.6,4.1,5.5,1374.41,4.75,6.18,-10153,66.22,-5830,66.22,93,102.74,54.2
01/12/2006,6220.8,375.16,86.9,6109,0.5,0.62,81.3,5.5,9074,95.6,5.7,5.5,1403.18,4.79,6.32,-10153,66.22,-5830,66.22,93.5,102.74,54.2
01/01/2007,6203.1,383.73,87.5,6162,0.9,-0.86,80.6,5.5,9131,96.6,7,5.5,1390.97,4.89,6.44,-12878,67.25,-8799,67.25,92.6,104.2,54.2
01/02/2007,6171.5,383.73,87.5,6162,0.9,0.5,81,5.5,9145,96.6,7.3,5.5,1405.3,4.99,6.44,-12878,67.25,-8799,67.25,93.8,104.2,54.2
01/03/2007,6308,383.73,87.5,6162,0.9,0.49,81.4,5.5,9154,96.6,4.8,5.5,1442.27,5.02,6.48,-12878,67.25,-8799,67.25,94.3,104.2,54.2
01/04/2007,6449.2,376.96,88.2,6244,0.6,0.25,81.6,5.4,9123,96.7,4.1,5.4,1461.39,5.03,6.64,-10950,69.83,-8719,69.83,95.3,108.23,54.2
01/05/2007,6621.5,376.96,88.2,6244,0.6,0.25,81.8,5.4,9162,96.7,4.5,5.4,1490,5.19,6.96,-10950,69.83,-8719,69.83,94.3,108.23,54.2
01/06/2007,6607.9,376.96,88.2,6244,0.6,0.24,82,5.3,9187,96.7,4.1,5.3,1506.9,5.29,6.68,-10950,69.83,-8719,69.83,94.3,108.23,54.2
01/07/2007,6360.1,388.38,88.9,6274,0.8,-0.61,81.5,5.3,9190,97.3,4.7,5.3,1510.15,5.45,7.36,-15891,67.51,-10560,67.51,94.6,111.25,54.2
01/08/2007,6303.3,388.38,88.9,6274,0.8,0.37,81.8,5.3,9175,97.3,5.1,5.3,1535.14,5.69,7.67,-15891,67.51,-10560,67.51,95.1,111.25,54.2
01/09/2007,6466.8,388.38,88.9,6274,0.8,0.12,81.9,5.2,9170,97.3,5.4,5.2,1545.37,5.88,7.24,-15891,67.51,-10560,67.51,95.2,111.25,54.2
01/10/2007,6721.6,397.02,89.3,6388,0.5,0.49,82.3,5.2,9148,97.5,4.1,5.2,1522.66,5.56,7.15,-12634,72.11,-10900,72.11,94.8,111.14,54.2
01/11/2007,6432.5,397.02,89.3,6388,0.5,0.24,82.5,5.2,9145,97.5,4.6,5.2,1542.23,5.59,7.06,-12634,72.11,-10900,72.11,95.3,111.14,54.2
01/12/2007,6456.9,397.02,89.3,6388,0.5,0.61,83,5.2,9137,97.5,3,5.2,1558.25,5.85,7.05,-12634,72.11,-10900,72.11,94.6,111.14,54.2
01/01/2008,5879.8,404.14,88.8,6509,0.5,-0.72,82.4,5.2,9106,97.6,4.3,5.2,1607.01,5.34,6.62,-14113,69.82,-14695,69.82,93.9,108.11,54.2
01/02/2008,5884.3,404.14,88.8,6509,0.5,0.73,83,5.2,9130,97.6,4.4,5.2,1606.84,5.27,6.51,-14113,69.82,-14695,69.82,95.7,108.11,54.2
01/03/2008,5702.1,404.14,88.8,6509,0.5,0.48,83.4,5.3,9101,97.6,5.6,5.3,1648.97,5.29,6.47,-14113,69.82,-14695,69.82,94.3,108.11,54.2
01/04/2008,6087.3,394.62,87.3,6405,-0.6,0.72,84,5.2,9124,96.9,4.2,5.2,1652.81,5.35,6.62,-16656,71.45,-9896,71.45,93.5,107.44,54.2
01/05/2008,6053.5,394.62,87.3,6405,-0.6,0.71,84.6,5.4,9126,96.9,4.1,5.4,1668.39,5.28,6.27,-16656,71.45,-9896,71.45,96.2,107.44,54.2
01/06/2008,5625.9,394.62,87.3,6405,-0.6,0.71,85.2,5.5,9133,96.9,3.2,5.5,1682.75,5.22,6.34,-16656,71.45,-9896,71.45,92.9,107.44,54.2
01/07/2008,5411.9,395.01,85.5,6366,-1.6,-0.12,85.1,5.7,9164,95.7,3.2,5.7,1667.4,5.22,6.31,-13897,68.28,-13108,68.28,93,103.19,54.2
01/08/2008,5636.6,395.01,85.5,6366,-1.6,0.71,85.7,5.9,9171,95.7,3,5.9,1673.73,5.16,6.29,-13897,68.28,-13108,68.28,93.1,103.19,54.2
01/09/2008,4902.5,395.01,85.5,6366,-1.6,0.47,86.1,6,9205,95.7,2.5,6,1694.76,5.21,6.54,-13897,68.28,-13108,68.28,93.1,103.19,54.2
01/10/2008,4377.3,395.49,84.1,6169,-2.1,-0.23,85.9,6.2,9139,93.9,3.5,6.2,1737.13,5.56,6.76,-18316,68.08,4904,68.08,92.3,96.36,54.2
01/11/2008,4288,395.49,84.1,6169,-2.1,-0.12,85.8,6.4,9125,93.9,2.3,6.4,1797.06,4.46,5.31,-18316,68.08,4904,68.08,92.4,96.36,54.2
01/12/2008,4434.2,395.49,84.1,6169,-2.1,-0.35,85.5,6.5,9067,93.9,2.4,6.5,1842.49,2.83,3.85,-18316,68.08,4904,68.08,92.3,96.36,54.2
01/01/2009,4149.6,387.71,84,6086,-1.7,-0.7,84.9,6.7,9127,92.9,-1.1,6.7,1841.95,2.12,3.15,-16414,64.28,300,64.28,94,91.44,54.2
01/02/2009,3830.1,387.71,84,6086,-1.7,0.82,85.6,7.1,9111,92.9,-5.8,7.1,1825.12,1.75,2.75,-16414,64.28,300,64.28,92.4,91.44,54.2
01/03/2009,3926.1,387.71,84,6086,-1.7,0.23,85.8,7.3,9163,92.9,-1.2,7.3,1854.64,1.54,2.64,-16414,64.28,300,64.28,93.1,91.44,54.2
01/04/2009,4243.7,379.4,84.2,6107,-0.2,0.23,86,7.6,9209,93.7,1.7,7.6,1829.37,1.67,2.52,-16130,61.7,-4084,61.7,94.2,92.67,54.2
01/05/2009,4417.9,379.4,84.2,6107,-0.2,0.47,86.4,7.8,9247,93.7,0.6,7.8,1829.59,1.74,2.45,-16130,61.7,-4084,61.7,93.5,92.67,54.2
01/06/2009,4249.2,379.4,84.2,6107,-0.2,0.35,86.7,7.9,9314,93.7,0.9,7.9,1822.71,1.83,2.25,-16130,61.7,-4084,61.7,94.6,92.67,54.2
01/07/2009,4608.4,388.67,84.5,6263,0.1,0,86.7,7.9,9293,93.9,0.4,7.9,1819.94,1.78,2.21,-8020,62.17,3255,62.17,94.4,96.25,54.2
01/08/2009,4908.9,388.67,84.5,6263,0.1,0.35,87,7.8,9330,93.9,0.6,7.8,1829.27,1.95,2.14,-8020,62.17,3255,62.17,94.8,96.25,54.2
01/09/2009,5133.9,388.67,84.5,6263,0.1,0.11,87.1,7.9,9336,93.9,0.8,7.9,1868.45,1.62,2.18,-8020,62.17,3255,62.17,94.7,96.25,54.2
01/10/2009,5044.6,392.74,85,6203,0.3,0.11,87.2,7.8,9380,94.1,0.4,7.8,1893.38,1.38,2.21,-11040,60.69,-3579,60.69,94.8,98.15,54.2
01/11/2009,5190.7,392.74,85,6203,0.3,0.34,87.5,7.8,9395,94.1,1,7.8,1904.95,1.36,2.51,-11040,60.69,-3579,60.69,94.4,98.15,54.2
01/12/2009,5412.9,392.74,85,6203,0.3,0.57,88,7.7,9477,94.1,0.9,7.7,1906.96,1.3,2.3,-11040,60.69,-3579,60.69,93.4,98.15,54.2
01/01/2010,5188.5,398.65,86,6311,0.6,-0.23,87.8,7.9,9475,95.1,1.4,7.9,2084.34,1.1,2.27,-10835,62.5,-6471,62.5,90.8,98.49,54.2
01/02/2010,5354.5,398.65,86,6311,0.6,0.46,88.2,8,9487,95.1,5.5,8,2103.01,1.06,2.27,-10835,62.5,-6471,62.5,93.5,98.49,54.2
01/03/2010,5679.6,398.65,86,6311,0.6,0.57,88.7,8,9499,95.1,1.6,8,2105.08,1.39,2.43,-10835,62.5,-6471,62.5,93,98.49,54.2
01/04/2010,5553.3,396.8,86.8,6411,1,0.56,89.2,7.9,9433,95.6,1.2,7.9,2078.83,1.51,2.31,-10445,62.7,-6278,62.7,93.7,100.28,54.2
01/05/2010,5188.4,396.8,86.8,6411,1,0.22,89.4,7.9,9446,95.6,1.9,7.9,2097.96,1.43,2.26,-10445,62.7,-6278,62.7,93.7,100.28,54.2
01/06/2010,4916.9,396.8,86.8,6411,1,0.11,89.5,7.8,9371,95.6,1.8,7.8,2102.43,1.3,2.28,-10445,62.7,-6278,62.7,93.9,100.28,54.2
01/07/2010,5258,401.56,86.8,6407,0.7,-0.22,89.3,7.8,9383,95.8,1.8,7.8,2084.71,1.14,2.38,-14423,64.83,-6396,64.83,94.2,101.73,54.2
01/08/2010,5225.2,401.56,86.8,6407,0.7,0.56,89.8,7.8,9368,95.8,2,7.8,2070.9,1.25,2.18,-14423,64.83,-6396,64.83,94.1,101.73,54.2
01/09/2010,5548.6,401.56,86.8,6407,0.7,0,89.8,7.9,9417,95.8,2.2,7.9,2088.85,1.12,2.26,-14423,64.83,-6396,64.83,93,101.73,54.2
01/10/2010,5675.2,409.02,87.1,6452,0,0.22,90,7.9,9498,96,2.2,7.9,2090.6,1.51,2.27,-14235,66.57,-3585,66.57,93.5,99.5,54.2
01/11/2010,5528.3,409.02,87.1,6452,0,0.33,90.3,7.9,9483,96,2.1,7.9,2087.22,1.29,2.31,-14235,66.57,-3585,66.57,93.4,99.5,54.2
01/12/2010,5899.9,409.02,87.1,6452,0,1,91.2,7.9,9436,96,2.2,7.9,2092.59,1.14,2.24,-14235,66.57,-3585,66.57,92.4,99.5,54.2
01/01/2011,5862.9,417.2,87.3,6589,0.4,0.11,91.3,7.8,9424,96,3.1,7.8,2055.95,1.49,2.62,-6581,63.82,-16197,63.82,92.2,97.71,54.2
01/02/2011,5994,417.2,87.3,6589,0.4,0.77,92,7.8,9455,96,2.5,7.8,2042.79,1.61,2.65,-6581,63.82,-16197,63.82,91.9,97.71,54.2
01/03/2011,5908.8,417.2,87.3,6589,0.4,0.22,92.2,7.7,9509,96,2.6,7.7,2083.96,1.92,2.59,-6581,63.82,-16197,63.82,91.9,97.71,54.2
01/04/2011,6069.9,407.84,87.6,6582,0.1,1.08,93.2,7.8,9465,96.2,2.1,7.8,2086.03,1.86,2.71,-2479,63.39,-14579,63.39,93,98.49,54.2
01/05/2011,5990,407.84,87.6,6582,0.1,0.21,93.4,7.9,9457,96.2,2.1,7.9,2089.81,1.97,2.73,-2479,63.39,-14579,63.39,91.1,98.49,54.2
01/06/2011,5945.7,407.84,87.6,6582,0.1,-0.11,93.3,8,9544,96.2,3,8,2090.66,1.96,2.79,-2479,63.39,-14579,63.39,91.2,98.49,54.2
01/07/2011,5815.2,412.07,87.9,6534,0.3,0,93.3,8.2,9499,97.1,2.9,8.2,2077.49,2.05,2.67,-11401,64.97,-1505,64.97,91.4,99.61,54.2
01/08/2011,5394.5,412.07,87.9,6534,0.3,0.54,93.8,8.3,9487,97.1,2,8.3,2081.42,1.87,2.67,-11401,64.97,-1505,64.97,91.1,99.61,54.2
01/09/2011,5128.5,412.07,87.9,6534,0.3,0.64,94.4,8.4,9459,97.1,1.7,8.4,2100.51,2.03,2.7,-11401,64.97,-1505,64.97,91.4,99.61,54.2
01/10/2011,5544.2,423.03,88.3,6613,0.1,0.11,94.5,8.5,9419,97.1,2,8.5,2068.9,1.98,2.8,-9603,66.73,349,66.73,92.1,98.27,54.2
01/11/2011,5505.4,423.03,88.3,6613,0.1,0.11,94.6,8.4,9410,97.1,1.9,8.4,2079.75,2.2,2.61,-9603,66.73,349,66.73,91.7,98.27,54.2
01/12/2011,5572.3,423.03,88.3,6613,0.1,0.53,95.1,8.3,9410,97.1,1.8,8.3,2047.98,2.18,2.97,-9603,66.73,349,66.73,93.1,98.27,54.2
01/01/2012,5681.6,427.2,88.2,6584,0.7,-0.53,94.6,8.3,9399,97.3,0.4,8.3,2035.76,2.22,2.74,-11276,67.65,-10338,67.65,92.3,97.26,54.2
01/02/2012,5871.5,427.2,88.2,6584,0.7,0.53,95.1,8.2,9360,97.3,0.8,8.2,1996.25,2.05,2.69,-11276,67.65,-10338,67.65,91.8,97.26,54.2
01/03/2012,5768.5,427.2,88.2,6584,0.7,0.32,95.4,8.2,9341,97.3,0.9,8.2,2025.43,2.08,2.85,-11276,67.65,-10338,67.65,93.4,97.26,54.2
01/04/2012,5737.8,418.93,89.2,6586,-0.1,0.63,96,8.1,9308,96.4,1.9,8.1,2034.37,2.46,3,-17028,66.07,-6350,66.07,91.1,99.05,54.2
01/05/2012,5320.9,418.93,89.2,6586,-0.1,-0.1,95.9,8,9225,96.4,1.5,8,2044.13,2.62,2.87,-17028,66.07,-6350,66.07,91.8,99.05,54.2
01/06/2012,5571.2,418.93,89.2,6586,-0.1,-0.42,95.5,8,9140,96.4,1.1,8,2034.51,2.49,2.88,-17028,66.07,-6350,66.07,92.1,99.05,54.2
01/07/2012,5635.3,427.93,89.2,6721,1.2,0.1,95.6,7.9,9148,97.3,1.5,7.9,2028.73,2.5,2.75,-13326,65.64,-4249,65.64,92,100.17,54.2
01/08/2012,5711.5,427.93,89.2,6721,1.2,0.52,96.1,7.9,9174,97.3,2.2,7.9,2019.73,2.29,2.78,-13326,65.64,-4249,65.64,92.2,100.17,54.2
01/09/2012,5742.1,427.93,89.2,6721,1.2,0.42,96.5,7.9,9204,97.3,1.7,7.9,2032.01,2.21,2.75,-13326,65.64,-4249,65.64,92.5,100.17,54.2
01/10/2012,5782.7,437.72,89.7,6680,-0.2,0.52,97,7.8,9122,96.7,1.2,7.8,2016.44,2,2.95,-18238,69.62,-465,69.62,92,99.27,54.2
01/11/2012,5866.8,437.72,89.7,6680,-0.2,0.21,97.2,7.8,9072,96.7,1.4,7.8,2026.75,1.89,2.73,-18238,69.62,-465,69.62,91.3,99.27,54.2
01/12/2012,5897.8,437.72,89.7,6680,-0.2,0.41,97.6,7.8,9085,96.7,1,7.8,2058.13,1.63,2.68,-18238,69.62,-465,69.62,91.9,99.27,54.2
01/01/2013,6276.9,439.58,90.3,6616,0.5,-0.51,97.1,8,9115,97.5,1.4,8,2042.08,1.69,2.73,-21358,67.3,-1177,67.3,91.9,98.6,54.2
01/02/2013,6360.8,439.58,90.3,6616,0.5,0.72,97.8,7.8,9155,97.5,1.1,7.8,2055.49,1.5,2.66,-21358,67.3,-1177,67.3,93.2,98.6,54.2
01/03/2013,6411.7,439.58,90.3,6616,0.5,0.31,98.1,7.8,9150,97.5,-0.3,7.8,2076.36,1.47,2.64,-21358,67.3,-1177,67.3,91.5,98.6,54.2
01/04/2013,6430.1,438.76,91.1,6778,0.8,0.2,98.3,7.8,9178,97.9,3.3,7.8,2077.21,1.45,2.85,-16181,70.46,-5860,70.46,91.2,100.62,54.2
01/05/2013,6583.1,438.76,91.1,6778,0.8,0.2,98.5,7.7,9129,97.9,1.7,7.7,2083.48,1.34,2.72,-16181,70.46,-5860,70.46,92.7,100.62,54.2
01/06/2013,6215.5,438.76,91.1,6778,0.8,-0.2,98.3,7.7,9089,97.9,1,7.7,2095.63,1.41,2.46,-16181,70.46,-5860,70.46,93.3,100.62,54.2
01/07/2013,6621.1,444.29,91.7,6855,0.9,0,98.3,7.7,9072,98.2,0.7,7.7,2101.36,1.29,2.76,-21750,72.69,1490,72.69,93.7,103.08,54.2
01/08/2013,6412.9,444.29,91.7,6855,0.9,0.41,98.7,7.6,9033,98.2,0.5,7.6,2102.45,1.23,2.74,-21750,72.69,1490,72.69,93.4,103.08,54.2
01/09/2013,6462.2,444.29,91.7,6855,0.9,0.41,99.1,7.4,9028,98.2,0.9,7.4,2098.33,1.23,2.56,-21750,72.69,1490,72.69,94,103.08,54.2
01/10/2013,6731.4,457.71,92.4,6927,0.6,0,99.1,7.2,9030,98.2,1,7.2,2098.31,1.22,2.73,-27800,73.63,10503,73.63,93.3,103.64,54.2
01/11/2013,6650.6,457.71,92.4,6927,0.6,0.1,99.2,7.2,9038,98.2,0.7,7.2,2108.9,1.3,2.65,-27800,73.63,10503,73.63,93.2,103.64,54.2
01/12/2013,6749.1,457.71,92.4,6927,0.6,0.4,99.6,7.2,9014,98.2,1.3,7.2,2088.29,1.23,2.45,-27800,73.63,10503,73.63,93.8,103.64,54.2
01/01/2014,6510.4,465.01,93.1,7012,0.8,-0.6,99,6.9,8992,98.2,1.7,6.9,2080.57,1.25,2.69,-19700,76.08,-3502,76.08,94.6,104.98,54.2
01/02/2014,6809.7,465.01,93.1,7012,0.8,0.51,99.5,6.8,8999,98.2,2.1,6.8,2093.89,1.26,2.76,-19700,76.08,-3502,76.08,95.1,104.98,54.2
01/03/2014,6598.4,465.01,93.1,7012,0.8,0.2,99.7,6.6,8961,98.2,1.1,6.6,2087.33,1.26,2.53,-19700,76.08,-3502,76.08,96,104.98,54.2
01/04/2014,6780,461.38,93.7,7054,0.7,0.4,100.1,6.4,8926,98.3,-1.3,6.4,2071.48,1.25,2.8,-20733,76.21,11931,76.21,95.7,108.79,54.2
01/05/2014,6844.5,461.38,93.7,7054,0.7,-0.1,100,6.3,9007,98.3,0.3,6.3,2074.32,1.1,2.67,-20733,76.21,11931,76.21,95.9,108.79,54.2
01/06/2014,6743.9,461.38,93.7,7054,0.7,0.2,100.2,6.1,9074,98.3,0.6,6.1,2075.34,1.07,2.73,-20733,76.21,11931,76.21,96.5,108.79,54.2
01/07/2014,6730.1,463.49,94.2,7077,0.6,-0.3,99.9,6,9038,98.6,0.4,6,2068.19,1.25,2.61,-22283,77.83,2101,77.83,96.5,112.26,54.2
01/08/2014,6819.8,463.49,94.2,7077,0.6,0.3,100.2,6,9027,98.6,0.7,6,2065.51,1.31,2.67,-22283,77.83,2101,77.83,96.5,112.26,54.2
01/09/2014,6622.7,463.49,94.2,7077,0.6,0.1,100.3,6,9053,98.6,1.5,6,2077.27,1.27,2.58,-22283,77.83,2101,77.83,95.8,112.26,54.2
01/10/2014,6546.5,473.12,94.6,7079,0.6,0.1,100.4,5.9,9093,98.8,1.9,5.9,2058.42,1.32,2.61,-28172,79.66,7930,79.66,96.4,112.48,54.2
01/11/2014,6722.6,473.12,94.6,7079,0.6,-0.3,100.1,5.7,9064,98.8,1.8,5.7,2076.97,1.27,2.75,-28172,79.66,7930,79.66,97.6,112.48,54.2
01/12/2014,6566.1,473.12,94.6,7079,0.6,0,100.1,5.7,9044,98.8,2.3,5.7,2086.85,1.21,2.64,-28172,79.66,7930,79.66,98.2,112.48,54.2
01/01/2015,6749.4,475.84,95.3,7132,0.5,-0.8,99.3,5.6,9011,98.5,1.4,5.6,2062.51,1.2,2.58,-27462,81.46,8466,81.46,97.8,112.14,54.2
01/02/2015,6946.7,475.84,95.3,7132,0.5,0.2,99.5,5.5,9031,98.5,1.4,5.5,2054.23,1.22,2.43,-27462,81.46,8466,81.46,98.8,112.14,54.2
01/03/2015,6773,475.84,95.3,7132,0.5,0.2,99.7,5.5,9046,98.5,4.1,5.5,2088.35,1.15,2.43,-27462,81.46,8466,81.46,99.5,112.14,54.2
01/04/2015,6960.6,477.09,95.6,7288,0.7,0.2,99.9,5.6,9065,99.3,2.5,5.6,2084.13,1.19,2.63,-16928,82.58,2199,82.58,100.1,114.49,54.2
01/05/2015,6984.4,477.09,95.6,7288,0.7,0.2,100.1,5.6,9043,99.3,2.6,5.6,2092.55,1.12,2.5,-16928,82.58,2199,82.58,99.7,114.49,54.2
01/06/2015,6521,477.09,95.6,7288,0.7,0.1,100.2,5.5,9035,99.3,2.3,5.5,2096.81,1.13,2.64,-16928,82.58,2199,82.58,100.3,114.49,54.2
01/07/2015,6696.3,477.69,96.2,7246,0.4,-0.2,100,5.4,9052,99,3.5,5.4,2108.68,1.2,2.54,-20648,81.8,-1913,81.8,99.9,118.3,54.2
01/08/2015,6247.9,477.69,96.2,7246,0.4,0.3,100.3,5.3,8983,99,3.2,5.3,2106.79,1.24,2.62,-20648,81.8,-1913,81.8,99,118.3,54.2
01/09/2015,6061.6,477.69,96.2,7246,0.4,-0.1,100.2,5.2,8949,99,2.1,5.2,2115.62,1.16,2.62,-20648,81.8,-1913,81.8,101.3,118.3,54.2
01/10/2015,6361.1,489.02,96.4,7107,0.7,0.1,100.3,5.1,8952,98.9,1.8,5.1,2124.06,1.2,2.61,-31397,84.97,-440,84.97,99.9,119.75,54.2
01/11/2015,6356.1,489.02,96.4,7107,0.7,0,100.3,5.1,8929,98.9,2,5.1,2132.94,1.18,2.59,-31397,84.97,-440,84.97,101,119.75,54.2
01/12/2015,6242.3,489.02,96.4,7107,0.7,0,100.3,5.1,8947,98.9,1.8,5.1,2134.7,1.02,2.8,-31397,84.97,-440,84.97,101.8,119.75,54.2
01/01/2016,6083.8,492.99,96.8,7245,0.2,-0.8,99.5,5.1,8916,99.1,2.8,5.1,2145.4,1.11,3.21,-29645,85.83,10544,85.83,102.9,121.1,54.2
01/02/2016,6097.1,492.99,96.8,7245,0.2,0.3,99.8,5.1,8937,99.1,1.5,5.1,2167.34,1.12,3.44,-29645,85.83,10544,85.83,102.6,121.1,54.2
01/03/2016,6174.9,492.99,96.8,7245,0.2,0.4,100.2,5,8940,99.1,2.5,5,2178.74,1.02,3.47,-29645,85.83,10544,85.83,103,121.1,54.2
01/04/2016,6241.9,496.45,97.1,7355,0.5,0,100.2,4.9,8894,99,2.5,4.9,2168.66,1.04,3.53,-25902,87.57,8681,87.57,103.7,123.67,54.2
01/05/2016,6230.8,496.45,97.1,7355,0.5,0.2,100.4,4.9,8874,99,2.4,4.9,2182.45,0.92,3.29,-25902,87.57,8681,87.57,104.9,123.67,54.2
01/06/2016,6504.3,496.45,97.1,7355,0.5,0.2,100.6,4.9,8850,99,2.5,4.9,2253.98,0.93,3.64,-25902,87.57,8681,87.57,103.6,123.67,54.2
01/07/2016,6724.4,494.3,97.6,7452,0.3,0,100.6,5,8824,99,2.5,5,2262.84,0.92,3.13,-32540,89.89,461,89.89,105.2,126.25,54.2
01/08/2016,6781.5,494.3,97.6,7452,0.3,0.3,100.9,4.8,8895,99,2.1,4.8,2275.87,0.95,2.94,-32540,89.89,461,89.89,104.8,126.25,54.2
01/09/2016,6899.3,494.3,97.6,7452,0.3,0.2,101.1,4.8,8907,99,2.5,4.8,2281.89,0.85,3.14,-32540,89.89,461,89.89,105.1,126.25,54.2
01/10/2016,6954.2,510.97,98.1,7576,0.6,0.1,101.2,4.8,8915,99.4,2.7,4.8,2295.12,0.78,3,-20303,89.93,-1188,89.93,106.6,126.13,54.2
01/11/2016,6783.8,510.97,98.1,7576,0.6,0.2,101.4,4.7,8885,99.4,2.8,4.7,2285.84,0.68,3.01,-20303,89.93,-1188,89.93,107.4,126.13,54.2
01/12/2016,7142.8,510.97,98.1,7576,0.6,0.49,101.9,4.7,8910,99.4,1.8,4.7,2284.02,0.68,2.85,-20303,89.93,-1188,89.93,105.1,126.13,54.2
01/01/2017,7099.2,514.96,98.5,7691,0.5,-0.1,101.8,4.6,8897,99.6,1.7,4.6,2265.46,0.69,3.01,-18400,90.7,-4879,90.7,104.2,126.47,54.2
01/02/2017,7263.4,514.96,98.5,7691,0.5,0.59,102.4,4.6,8862,99.6,2.7,4.6,2266.09,0.74,2.94,-18400,90.7,-4879,90.7,106.7,126.47,54.2
01/03/2017,7322.9,514.96,98.5,7691,0.5,0.29,102.7,4.5,8872,99.6,2.1,4.5,2289.21,0.72,2.92,-18400,90.7,-4879,90.7,105.4,126.47,54.2
01/04/2017,7203.9,510.91,98.9,7642,0.3,0.49,103.2,4.4,8847,99.6,1.8,4.4,2292.61,0.78,2.88,-24572,92.98,-5411,92.98,107.8,129.27,54.2
01/05/2017,7520,510.91,98.9,7642,0.3,0.29,103.5,4.4,8778,99.6,2,4.4,2311.61,0.71,3.03,-24572,92.98,-5411,92.98,106.5,129.27,54.2
01/06/2017,7312.7,510.91,98.9,7642,0.3,0,103.5,4.3,8749,99.6,3,4.3,2327.13,0.74,3.03,-24572,92.98,-5411,92.98,106.7,129.27,54.2
01/07/2017,7372,513.83,99.3,7739,0.4,0,103.5,4.3,8806,100.1,1.6,4.3,2318.74,0.79,2.91,-17749,93.26,-6993,93.26,105.8,132.18,54.2
01/08/2017,7430.6,513.83,99.3,7739,0.4,0.48,104,4.3,8883,100.1,2.4,4.3,2339.66,0.85,2.9,-17749,93.26,-6993,93.26,106.9,132.18,53.9
01/09/2017,7372.8,513.83,99.3,7739,0.4,0.29,104.3,4.2,8864,100.1,2.9,4.2,2347.13,0.84,2.8,-17749,93.26,-6993,93.26,106.2,132.18,54
01/10/2017,7493.1,529.05,99.3,7842,0.4,0.1,104.4,4.3,8743,100.1,2.3,4.3,2343.08,0.93,2.59,-17242,95.4,-115,95.4,106.6,132.06,55.4
01/11/2017,7326.7,529.05,99.3,7842,0.4,0.29,104.7,4.4,8785,100.1,2.3,4.4,2352.79,0.94,3,-17242,95.4,-115,95.4,107.3,132.06,54.7
01/12/2017,7687.8,529.05,99.3,7842,0.4,0.29,105,4.3,8742,100.1,3.1,4.3,2347.77,0.84,3.11,-17242,95.4,-115,95.4,106.8,132.06,54.7
01/01/2018,7533.6,528.69,99.7,7858,0.1,-0.48,104.5,4.2,8749,99.6,2.6,4.2,2339.7,0.9,3.26,-17883,94.46,-1580,94.46,107,131.84,53.1
01/02/2018,7231.9,528.69,99.7,7858,0.1,0.38,104.9,4.2,8679,99.6,2.7,4.2,2335.33,0.85,3.12,-17883,94.46,-1580,94.46,107.8,131.84,54.2
01/03/2018,7056.6,528.69,99.7,7858,0.1,0.19,105.1,4.2,8668,99.6,3.3,4.2,2338.53,0.9,2.83,-17883,94.46,-1580,94.46,107.5,131.84,51.9
01/04/2018,7509.3,530.06,100.3,7935,0.4,0.38,105.5,4.2,8662,99.8,2.1,4.2,2346.94,0.84,2.96,-17873,94.87,-4492,94.87,109.6,133.3,53.2
01/05/2018,7678.2,530.06,100.3,7935,0.4,0.38,105.9,4,8739,99.8,2.5,4,2373.78,0.79,3.13,-17873,94.87,-4492,94.87,111.6,133.3,54.3
01/06/2018,7636.9,530.06,100.3,7935,0.4,0,105.9,4,8758,99.8,2,4,2385.12,0.9,3.24,-17873,94.87,-4492,94.87,109.8,133.3,55
01/07/2018,7748.8,534.82,100.7,8015,0.6,0,105.9,4,8740,100.4,3.2,4,2375.34,0.94,3.09,-17574,95.73,-4434,95.73,109.7,135.87,53.7
01/08/2018,7432.4,534.82,100.7,8015,0.6,0.57,106.5,4.1,8726,100.4,3.2,4.1,2385.2,0.98,3.07,-17574,95.73,-4434,95.73,110,135.87,54.1
01/09/2018,7510.2,534.82,100.7,8015,0.6,0.09,106.6,4.1,8666,100.4,2.9,4.1,2397.12,0.99,2.9,-17574,95.73,-4434,95.73,109,135.87,53.9
01/10/2018,7128.1,548.22,101.2,7989,0.2,0.09,106.7,4,8650,100.2,4.2,4,2419.35,1.16,3.25,-25523,96.19,-5490,96.19,108.6,135.2,52.2
01/11/2018,6980.2,548.22,101.2,7989,0.2,0.19,106.9,4,8632,100.2,3.1,4,2426.65,1.08,3.12,-25523,96.19,-5490,96.19,110.7,135.2,51
01/12/2018,6728.1,548.22,101.2,7989,0.2,0.19,107.1,3.9,8549,100.2,3.1,3.9,2421.01,1.02,2.9,-25523,96.19,-5490,96.19,108.9,135.2,51.5
01/01/2019,6968.9,550.65,101.4,8187,0.6,-0.65,106.4,3.9,8536,100.4,3.8,3.9,2386.89,1.03,3.23,-34541,99.32,-4089,99.32,111.4,133.63,50.3
01/02/2019,7074.7,550.65,101.4,8187,0.6,0.38,106.8,3.8,8609,100.4,3.6,3.8,2377.87,1.11,2.84,-34541,99.32,-4089,99.32,111.8,133.63,51.4
01/03/2019,7279.2,550.65,101.4,8187,0.6,0.19,107,3.8,8581,100.4,2.4,3.8,2405.57,1.1,2.82,-34541,99.32,-4089,99.32,114.8,133.63,50
01/04/2019,7418.2,545.54,101.9,8235,0.1,0.56,107.6,3.8,8619,100.2,4,3.8,2409.16,1.11,3.13,-17804,99.71,-3855,99.71,115.8,134.64,50.9
01/05/2019,7161.7,545.54,101.9,8235,0.1,0.28,107.9,3.9,8562,100.2,3.9,3.9,2411.27,0.94,3.41,-17804,99.71,-3855,99.71,114.5,134.64,50.7
01/06/2019,7425.6,545.54,101.9,8235,0.1,0,107.9,3.8,8587,100.2,3.9,3.8,2427.61,0.99,2.91,-17804,99.71,-3855,99.71,113.6,134.64,49.2
01/07/2019,7586.8,552.69,101.9,8257,0.5,0.09,108,3.9,8676,100.9,3.9,3.9,2421.27,0.96,2.91,-17916,100.58,3155,100.58,112.8,136.88,50.3
01/08/2019,7207.2,552.69,101.9,8257,0.5,0.28,108.3,3.8,8616,100.9,3.3,3.8,2440.96,0.98,3.16,-17916,100.58,3155,100.58,112.1,136.88,49.7
01/09/2019,7408.2,552.69,101.9,8257,0.5,0.09,108.4,3.8,8606,100.9,4.1,3.8,2440.38,1,3.48,-17916,100.58,3155,100.58,111.3,136.88,48.8
01/10/2019,7248.4,568.91,99,8286,0,-0.09,108.3,3.8,8506,100.4,2.4,3.8,2422.17,1.07,3.09,1633,99.9,20303,99.9,111.2,136.32,50
01/11/2019,7346.5,568.91,99,8286,0,0.18,108.5,3.8,8478,100.4,3.2,3.8,2443.54,1.06,3.11,1633,99.9,20303,99.9,109.9,136.32,49.3
01/12/2019,7542.4,568.91,99,8286,0,0,108.5,3.9,8431,100.4,2.5,3.9,2448.52,0.92,2.83,1633,99.9,20303,99.9,111.3,136.32,49.3
01/01/2020,7286,556.45,79.6,8064,-2.8,-0.18,108.3,4,8370,97.3,2.8,4,2436.43,1,3.05,-19098,99.12,6400,99.12,112.3,136.09,53.3
01/02/2020,6580.6,556.45,79.6,8064,-2.8,0.28,108.6,4,8457,97.3,2.7,4,2459.75,0.96,3.01,-19098,99.12,6400,99.12,111.9,136.09,53
01/03/2020,5672,556.45,79.6,8064,-2.8,0,108.6,4,8583,97.3,1.9,4,2593.96,1.04,3.2,-19098,99.12,6400,99.12,108,136.09,36
01/04/2020,5901.2,474.85,93.1,6842,-19.5,0,108.6,4.1,8628,79.1,-1.3,4.1,2628.14,0.96,2.63,-14272,78.9,20112,78.9,89.3,136.21,13.8
01/05/2020,6076.6,474.85,93.1,6842,-19.5,0,108.6,4.1,8641,79.1,-1.2,4.1,2687.87,0.82,1.05,-14272,78.9,20112,78.9,98.9,136.21,30
01/06/2020,6169.7,474.85,93.1,6842,-19.5,0.18,108.8,4.3,8604,79.1,-1.5,4.3,2712.41,0.69,1.32,-14272,78.9,20112,78.9,111.2,136.21,47.7
01/07/2020,5897.8,530.61,94.3,7941,16.9,0.37,109.2,4.5,8625,92.9,-0.2,4.5,2720.25,0.5,1.79,-14275,94.12,2553,94.12,114,140.46,57
01/08/2020,5963.6,530.61,94.3,7941,16.9,-0.37,108.8,4.8,8662,92.9,2,4.8,2730.09,0.44,1.64,-14275,94.12,2553,94.12,114.8,140.46,59.1
01/09/2020,5866.1,530.61,94.3,7941,16.9,0.37,109.2,5,8602,92.9,2.7,5,2734.08,0.41,1.71,-14275,94.12,2553,94.12,115.9,140.46,56.5
01/10/2020,5577.3,530.61,94.3,7941,16.9,0,109.2,5.1,8592,92.9,3.8,5.1,2769.95,0.47,1.77,-14275,94.12,2553,94.12,117,140.46,52.1